"Name","PFS","Type","Category","Source","Rarity","Traits","Level","Price","Damage","Hands","Range","Reload","Bulk","Group"
"<u><a href=""Weapons.aspx?ID=1"">Fist</a></u>","<img alt=""PFS Standard"" title=""PFS Standard"" style=""height:18px; padding:2px 10px 0px 2px"" src=""Images\Icons\PFS_Standard.png"">","Melee","Unarmed","<u><a href=""Sources.aspx?ID=1"" title=""Core Rulebook"">Core Rulebook</a></u>","<u><a href=""Traits.aspx?ID=28"">Common</a></u>","<u><a href=""Traits.aspx?ID=170"">Agile</a></u>, <u><a href=""Traits.aspx?ID=179"">Finesse</a></u>, <u><a href=""Traits.aspx?ID=188"">Nonlethal</a></u>, <u><a href=""Traits.aspx?ID=199"">Unarmed</a></u>","—","—","1d4 B","1","—","—","—","<u><a href=""WeaponGroups.aspx?ID=4"">Brawling</a></u>"
"<u><a href=""Weapons.aspx?ID=153"">Battle Lute</a></u>","<img alt=""PFS Limited"" title=""PFS Limited"" style=""height:18px; padding:2px 10px 0px 2px"" src=""Images\Icons\PFS_Limited.png"">","Melee","Simple","<u><a href=""Sources.aspx?ID=75"" title=""Pathfinder #164: Hands of the Devil"">Pathfinder #164</a></u>","<u><a href=""Traits.aspx?ID=159"">Uncommon</a></u>","<u><a href=""Traits.aspx?ID=193"">Shove</a></u>, <u><a href=""Traits.aspx?ID=198"">Two-Hand 1d8</a></u>","—","15 gp","1d4 B","1","—","—","1","<u><a href=""WeaponGroups.aspx?ID=5"">Club</a></u>"
"<u><a href=""Weapons.aspx?ID=13"">Clan Dagger</a></u>","<img alt=""PFS Standard"" title=""PFS Standard"" style=""height:18px; padding:2px 10px 0px 2px"" src=""Images\Icons\PFS_Standard.png"">","Melee","Simple","<u><a href=""Sources.aspx?ID=1"" title=""Core Rulebook"">Core Rulebook</a></u>","<u><a href=""Traits.aspx?ID=159"">Uncommon</a></u>","<u><a href=""Traits.aspx?ID=170"">Agile</a></u>, <u><a href=""Traits.aspx?ID=54"">Dwarf</a></u>, <u><a href=""Traits.aspx?ID=190"">Parry</a></u>, <u><a href=""Traits.aspx?ID=200"">Versatile B</a></u>","—","2 gp","1d4 P","1","—","—","L","<u><a href=""WeaponGroups.aspx?ID=9"">Knife</a></u>"
"<u><a href=""Weapons.aspx?ID=2"">Club</a></u>","<img alt=""PFS Standard"" title=""PFS Standard"" style=""height:18px; padding:2px 10px 0px 2px"" src=""Images\Icons\PFS_Standard.png"">","Melee","Simple","<u><a href=""Sources.aspx?ID=1"" title=""Core Rulebook"">Core Rulebook</a></u>","<u><a href=""Traits.aspx?ID=28"">Common</a></u>","<u><a href=""Traits.aspx?ID=195"">Thrown 10 ft.</a></u>","—","—","1d6 B","1","—","—","1","<u><a href=""WeaponGroups.aspx?ID=5"">Club</a></u>"
"<u><a href=""Weapons.aspx?ID=3"">Dagger</a></u>","<img alt=""PFS Standard"" title=""PFS Standard"" style=""height:18px; padding:2px 10px 0px 2px"" src=""Images\Icons\PFS_Standard.png"">","Melee","Simple","<u><a href=""Sources.aspx?ID=1"" title=""Core Rulebook"">Core Rulebook</a></u>","<u><a href=""Traits.aspx?ID=28"">Common</a></u>","<u><a href=""Traits.aspx?ID=170"">Agile</a></u>, <u><a href=""Traits.aspx?ID=179"">Finesse</a></u>, <u><a href=""Traits.aspx?ID=195"">Thrown 10 ft.</a></u>, <u><a href=""Traits.aspx?ID=200"">Versatile S</a></u>","—","2 sp","1d4 P","1","—","—","L","<u><a href=""WeaponGroups.aspx?ID=9"">Knife</a></u>"
"<u><a href=""Weapons.aspx?ID=4"">Gauntlet</a></u>","<img alt=""PFS Standard"" title=""PFS Standard"" style=""height:18px; padding:2px 10px 0px 2px"" src=""Images\Icons\PFS_Standard.png"">","Melee","Simple","<u><a href=""Sources.aspx?ID=1"" title=""Core Rulebook"">Core Rulebook</a></u>","<u><a href=""Traits.aspx?ID=28"">Common</a></u>","<u><a href=""Traits.aspx?ID=170"">Agile</a></u>, <u><a href=""Traits.aspx?ID=181"">Free-Hand</a></u>","—","2 sp","1d4 B","1","—","—","L","<u><a href=""WeaponGroups.aspx?ID=4"">Brawling</a></u>"
"<u><a href=""Weapons.aspx?ID=111"">Juggling Club</a></u>","<img alt=""PFS Limited"" title=""PFS Limited"" style=""height:18px; padding:2px 10px 0px 2px"" src=""Images\Icons\PFS_Limited.png"">","Melee","Simple","<u><a href=""Sources.aspx?ID=21"" title=""Pathfinder #151: The Show Must Go On"">Pathfinder #151</a></u>","<u><a href=""Traits.aspx?ID=159"">Uncommon</a></u>","<u><a href=""Traits.aspx?ID=170"">Agile</a></u>, <u><a href=""Traits.aspx?ID=188"">Nonlethal</a></u>, <u><a href=""Traits.aspx?ID=195"">Thrown 20 ft.</a></u>","—","1 sp","1d4 B","1","—","—","L","<u><a href=""WeaponGroups.aspx?ID=5"">Club</a></u>"
"<u><a href=""Weapons.aspx?ID=14"">Katar</a></u>","<img alt=""PFS Standard"" title=""PFS Standard"" style=""height:18px; padding:2px 10px 0px 2px"" src=""Images\Icons\PFS_Standard.png"">","Melee","Simple","<u><a href=""Sources.aspx?ID=1"" title=""Core Rulebook"">Core Rulebook</a></u>","<u><a href=""Traits.aspx?ID=159"">Uncommon</a></u>","<u><a href=""Traits.aspx?ID=170"">Agile</a></u>, <u><a href=""Traits.aspx?ID=174"">Deadly d6</a></u>, <u><a href=""Traits.aspx?ID=112"">Monk</a></u>","—","3 sp","1d4 P","1","—","—","L","<u><a href=""WeaponGroups.aspx?ID=9"">Knife</a></u>"
"<u><a href=""Weapons.aspx?ID=5"">Light Mace</a></u>","<img alt=""PFS Standard"" title=""PFS Standard"" style=""height:18px; padding:2px 10px 0px 2px"" src=""Images\Icons\PFS_Standard.png"">","Melee","Simple","<u><a href=""Sources.aspx?ID=1"" title=""Core Rulebook"">Core Rulebook</a></u>","<u><a href=""Traits.aspx?ID=28"">Common</a></u>","<u><a href=""Traits.aspx?ID=170"">Agile</a></u>, <u><a href=""Traits.aspx?ID=179"">Finesse</a></u>, <u><a href=""Traits.aspx?ID=193"">Shove</a></u>","—","4 sp","1d4 B","1","—","—","L","<u><a href=""WeaponGroups.aspx?ID=5"">Club</a></u>"
"<u><a href=""Weapons.aspx?ID=6"">Longspear</a></u>","<img alt=""PFS Standard"" title=""PFS Standard"" style=""height:18px; padding:2px 10px 0px 2px"" src=""Images\Icons\PFS_Standard.png"">","Melee","Simple","<u><a href=""Sources.aspx?ID=1"" title=""Core Rulebook"">Core Rulebook</a></u>","<u><a href=""Traits.aspx?ID=28"">Common</a></u>","<u><a href=""Traits.aspx?ID=192"">Reach</a></u>","—","5 sp","1d8 P","2","—","—","2","<u><a href=""WeaponGroups.aspx?ID=14"">Spear</a></u>"
"<u><a href=""Weapons.aspx?ID=7"">Mace</a></u>","<img alt=""PFS Standard"" title=""PFS Standard"" style=""height:18px; padding:2px 10px 0px 2px"" src=""Images\Icons\PFS_Standard.png"">","Melee","Simple","<u><a href=""Sources.aspx?ID=1"" title=""Core Rulebook"">Core Rulebook</a></u>","<u><a href=""Traits.aspx?ID=28"">Common</a></u>","<u><a href=""Traits.aspx?ID=193"">Shove</a></u>","—","1 gp","1d6 B","1","—","—","1","<u><a href=""WeaponGroups.aspx?ID=5"">Club</a></u>"
"<u><a href=""Weapons.aspx?ID=8"">Morningstar</a></u>","<img alt=""PFS Standard"" title=""PFS Standard"" style=""height:18px; padding:2px 10px 0px 2px"" src=""Images\Icons\PFS_Standard.png"">","Melee","Simple","<u><a href=""Sources.aspx?ID=1"" title=""Core Rulebook"">Core Rulebook</a></u>","<u><a href=""Traits.aspx?ID=28"">Common</a></u>","<u><a href=""Traits.aspx?ID=200"">Versatile P</a></u>","—","1 gp","1d6 B","1","—","—","1","<u><a href=""WeaponGroups.aspx?ID=5"">Club</a></u>"
"<u><a href=""Weapons.aspx?ID=131"">Nightstick</a></u>","—","Melee","Simple","<u><a href=""Sources.aspx?ID=45"" title=""Pathfinder #157: Devil at the Dreaming Palace"">Pathfinder #157</a></u>","<u><a href=""Traits.aspx?ID=159"">Uncommon</a></u>","<u><a href=""Traits.aspx?ID=170"">Agile</a></u>, <u><a href=""Traits.aspx?ID=179"">Finesse</a></u>, <u><a href=""Traits.aspx?ID=188"">Nonlethal</a></u>, <u><a href=""Traits.aspx?ID=190"">Parry</a></u>","—","1 gp","1d4 B","1","—","—","L","<u><a href=""WeaponGroups.aspx?ID=5"">Club</a></u>"
"<u><a href=""Weapons.aspx?ID=112"">Poi</a></u>","<img alt=""PFS Limited"" title=""PFS Limited"" style=""height:18px; padding:2px 10px 0px 2px"" src=""Images\Icons\PFS_Limited.png"">","Melee","Simple","<u><a href=""Sources.aspx?ID=21"" title=""Pathfinder #151: The Show Must Go On"">Pathfinder #151</a></u>","<u><a href=""Traits.aspx?ID=159"">Uncommon</a></u>","<u><a href=""Traits.aspx?ID=170"">Agile</a></u>, <u><a href=""Traits.aspx?ID=173"">Backswing</a></u>, <u><a href=""Traits.aspx?ID=179"">Finesse</a></u>, <u><a href=""Traits.aspx?ID=188"">Nonlethal</a></u>","—","2 sp","1d4 B","1","—","—","L","<u><a href=""WeaponGroups.aspx?ID=7"">Flail</a></u>"
"<u><a href=""Weapons.aspx?ID=119"">Shears</a></u>","—","Melee","Simple","<u><a href=""Sources.aspx?ID=32"" title=""Bestiary 2"">Bestiary 2</a></u>","<u><a href=""Traits.aspx?ID=159"">Uncommon</a></u>","<u><a href=""Traits.aspx?ID=174"">Deadly d8</a></u>, <u><a href=""Traits.aspx?ID=179"">Finesse</a></u>, <u><a href=""Traits.aspx?ID=200"">Versatile P</a></u>","—","5 sp","1d4 S","1","—","—","L","<u><a href=""WeaponGroups.aspx?ID=9"">Knife</a></u>"
"<u><a href=""Weapons.aspx?ID=9"">Sickle</a></u>","<img alt=""PFS Standard"" title=""PFS Standard"" style=""height:18px; padding:2px 10px 0px 2px"" src=""Images\Icons\PFS_Standard.png"">","Melee","Simple","<u><a href=""Sources.aspx?ID=1"" title=""Core Rulebook"">Core Rulebook</a></u>","<u><a href=""Traits.aspx?ID=28"">Common</a></u>","<u><a href=""Traits.aspx?ID=170"">Agile</a></u>, <u><a href=""Traits.aspx?ID=179"">Finesse</a></u>, <u><a href=""Traits.aspx?ID=196"">Trip</a></u>","—","2 sp","1d4 S","1","—","—","L","<u><a href=""WeaponGroups.aspx?ID=9"">Knife</a></u>"
"<u><a href=""Weapons.aspx?ID=10"">Spear</a></u>","<img alt=""PFS Standard"" title=""PFS Standard"" style=""height:18px; padding:2px 10px 0px 2px"" src=""Images\Icons\PFS_Standard.png"">","Melee","Simple","<u><a href=""Sources.aspx?ID=1"" title=""Core Rulebook"">Core Rulebook</a></u>","<u><a href=""Traits.aspx?ID=28"">Common</a></u>","<u><a href=""Traits.aspx?ID=195"">Thrown 20 ft.</a></u>","—","1 sp","1d6 P","1","—","—","1","<u><a href=""WeaponGroups.aspx?ID=14"">Spear</a></u>"
"<u><a href=""Weapons.aspx?ID=11"">Spiked Gauntlet</a></u>","<img alt=""PFS Standard"" title=""PFS Standard"" style=""height:18px; padding:2px 10px 0px 2px"" src=""Images\Icons\PFS_Standard.png"">","Melee","Simple","<u><a href=""Sources.aspx?ID=1"" title=""Core Rulebook"">Core Rulebook</a></u>","<u><a href=""Traits.aspx?ID=28"">Common</a></u>","<u><a href=""Traits.aspx?ID=170"">Agile</a></u>, <u><a href=""Traits.aspx?ID=181"">Free-Hand</a></u>","—","3 sp","1d4 P","1","—","—","L","<u><a href=""WeaponGroups.aspx?ID=4"">Brawling</a></u>"
"<u><a href=""Weapons.aspx?ID=12"">Staff</a></u>","<img alt=""PFS Standard"" title=""PFS Standard"" style=""height:18px; padding:2px 10px 0px 2px"" src=""Images\Icons\PFS_Standard.png"">","Melee","Simple","<u><a href=""Sources.aspx?ID=1"" title=""Core Rulebook"">Core Rulebook</a></u>","<u><a href=""Traits.aspx?ID=28"">Common</a></u>","<u><a href=""Traits.aspx?ID=198"">Two-Hand 1d8</a></u>","—","—","1d4 B","1","—","—","1","<u><a href=""WeaponGroups.aspx?ID=5"">Club</a></u>"
"<u><a href=""Weapons.aspx?ID=137"">Stiletto Pen</a></u>","—","Melee","Simple","<u><a href=""Sources.aspx?ID=50"" title=""PFS Guide"">PFS Guide</a></u>","<u><a href=""Traits.aspx?ID=159"">Uncommon</a></u>","<u><a href=""Traits.aspx?ID=170"">Agile</a></u>, <u><a href=""Traits.aspx?ID=327"">Concealable</a></u>, <u><a href=""Traits.aspx?ID=179"">Finesse</a></u>, <u><a href=""Traits.aspx?ID=195"">Thrown 10 ft.</a></u>","1","8 gp","1d4 P","1","—","—","L","<u><a href=""WeaponGroups.aspx?ID=6"">Dart</a></u>"
"<u><a href=""Weapons.aspx?ID=113"">Throwing Knife</a></u>","—","Melee","Simple","<u><a href=""Sources.aspx?ID=21"" title=""Pathfinder #151: The Show Must Go On"">Pathfinder #151</a></u>","<u><a href=""Traits.aspx?ID=159"">Uncommon</a></u>","<u><a href=""Traits.aspx?ID=170"">Agile</a></u>, <u><a href=""Traits.aspx?ID=179"">Finesse</a></u>, <u><a href=""Traits.aspx?ID=195"">Thrown 20 ft.</a></u>, <u><a href=""Traits.aspx?ID=197"">Twin</a></u>","—","3 sp","1d4 P","1","—","—","L","<u><a href=""WeaponGroups.aspx?ID=9"">Knife</a></u>"
"<u><a href=""Weapons.aspx?ID=141"">Adze</a></u>","<img alt=""PFS Standard"" title=""PFS Standard"" style=""height:18px; padding:2px 10px 0px 2px"" src=""Images\Icons\PFS_Standard.png"">","Melee","Martial","<u><a href=""Sources.aspx?ID=74"" title=""Ancestry Guide"">Ancestry Guide</a></u>","<u><a href=""Traits.aspx?ID=28"">Common</a></u>","<u><a href=""Traits.aspx?ID=180"">Forceful</a></u>, <u><a href=""Traits.aspx?ID=264"">Grippli</a></u>, <u><a href=""Traits.aspx?ID=194"">Sweep</a></u>","—","1 gp","1d10 S","2","—","—","2","<u><a href=""WeaponGroups.aspx?ID=1"">Axe</a></u>"
"<u><a href=""Weapons.aspx?ID=15"">Bastard Sword</a></u>","<img alt=""PFS Standard"" title=""PFS Standard"" style=""height:18px; padding:2px 10px 0px 2px"" src=""Images\Icons\PFS_Standard.png"">","Melee","Martial","<u><a href=""Sources.aspx?ID=1"" title=""Core Rulebook"">Core Rulebook</a></u>","<u><a href=""Traits.aspx?ID=28"">Common</a></u>","<u><a href=""Traits.aspx?ID=198"">Two-Hand 1d12</a></u>","—","4 gp","1d8 S","1","—","—","1","<u><a href=""WeaponGroups.aspx?ID=15"">Sword</a></u>"
"<u><a href=""Weapons.aspx?ID=16"">Battle Axe</a></u>","<img alt=""PFS Standard"" title=""PFS Standard"" style=""height:18px; padding:2px 10px 0px 2px"" src=""Images\Icons\PFS_Standard.png"">","Melee","Martial","<u><a href=""Sources.aspx?ID=1"" title=""Core Rulebook"">Core Rulebook</a></u>","<u><a href=""Traits.aspx?ID=28"">Common</a></u>","<u><a href=""Traits.aspx?ID=194"">Sweep</a></u>","—","1 gp","1d8 S","1","—","—","1","<u><a href=""WeaponGroups.aspx?ID=1"">Axe</a></u>"
"<u><a href=""Weapons.aspx?ID=91"">Bladed Scarf</a></u>","<img alt=""PFS Standard"" title=""PFS Standard"" style=""height:18px; padding:2px 10px 0px 2px"" src=""Images\Icons\PFS_Standard.png"">","Melee","Martial","<u><a href=""Sources.aspx?ID=17"" title=""Gods & Magic"">Gods & Magic</a></u>","<u><a href=""Traits.aspx?ID=159"">Uncommon</a></u>","<u><a href=""Traits.aspx?ID=175"">Disarm</a></u>, <u><a href=""Traits.aspx?ID=179"">Finesse</a></u>, <u><a href=""Traits.aspx?ID=192"">Reach</a></u>, <u><a href=""Traits.aspx?ID=194"">Sweep</a></u>, <u><a href=""Traits.aspx?ID=196"">Trip</a></u>","—","3 gp","1d6 S","2","—","—","1","<u><a href=""WeaponGroups.aspx?ID=7"">Flail</a></u>"
"<u><a href=""Weapons.aspx?ID=17"">Bo Staff</a></u>","<img alt=""PFS Standard"" title=""PFS Standard"" style=""height:18px; padding:2px 10px 0px 2px"" src=""Images\Icons\PFS_Standard.png"">","Melee","Martial","<u><a href=""Sources.aspx?ID=1"" title=""Core Rulebook"">Core Rulebook</a></u>","<u><a href=""Traits.aspx?ID=28"">Common</a></u>","<u><a href=""Traits.aspx?ID=112"">Monk</a></u>, <u><a href=""Traits.aspx?ID=190"">Parry</a></u>, <u><a href=""Traits.aspx?ID=192"">Reach</a></u>, <u><a href=""Traits.aspx?ID=196"">Trip</a></u>","—","2 sp","1d8 B","2","—","—","2","<u><a href=""WeaponGroups.aspx?ID=5"">Club</a></u>"
"<u><a href=""Weapons.aspx?ID=155"">Boarding Axe</a></u>","<img alt=""PFS Standard"" title=""PFS Standard"" style=""height:18px; padding:2px 10px 0px 2px"" src=""Images\Icons\PFS_Standard.png"">","Melee","Martial","<u><a href=""Sources.aspx?ID=76"" title=""Azarketi Ancestry Web Supplement"">Azarketi Ancestry Web Supplement</a></u>","<u><a href=""Traits.aspx?ID=159"">Uncommon</a></u>","<u><a href=""Traits.aspx?ID=170"">Agile</a></u>, <u><a href=""Traits.aspx?ID=336"">Azarketi</a></u>, <u><a href=""Traits.aspx?ID=347"">Climbing</a></u>, <u><a href=""Traits.aspx?ID=200"">Versatile P</a></u>","—","1 gp","1d6 S","1","—","—","L","<u><a href=""WeaponGroups.aspx?ID=1"">Axe</a></u>"
"<u><a href=""Weapons.aspx?ID=138"">Boarding Pike</a></u>","—","Melee","Martial","<u><a href=""Sources.aspx?ID=50"" title=""PFS Guide"">PFS Guide</a></u>","<u><a href=""Traits.aspx?ID=159"">Uncommon</a></u>","<u><a href=""Traits.aspx?ID=192"">Reach</a></u>, <u><a href=""Traits.aspx?ID=193"">Shove</a></u>","1","8 sp","1d10 P","2","—","—","2","<u><a href=""WeaponGroups.aspx?ID=11"">Polearm</a></u>"
"<u><a href=""Weapons.aspx?ID=142"">Buugeng</a></u>","<img alt=""PFS Standard"" title=""PFS Standard"" style=""height:18px; padding:2px 10px 0px 2px"" src=""Images\Icons\PFS_Standard.png"">","Melee","Martial","<u><a href=""Sources.aspx?ID=74"" title=""Ancestry Guide"">Ancestry Guide</a></u>","<u><a href=""Traits.aspx?ID=159"">Uncommon</a></u>","<u><a href=""Traits.aspx?ID=170"">Agile</a></u>, <u><a href=""Traits.aspx?ID=343"">Conrasu</a></u>, <u><a href=""Traits.aspx?ID=194"">Sweep</a></u>, <u><a href=""Traits.aspx?ID=197"">Twin</a></u>","—","4 gp","1d4 S","1","—","—","1","<u><a href=""WeaponGroups.aspx?ID=15"">Sword</a></u>"
"<u><a href=""Weapons.aspx?ID=124"">Claw Blade</a></u>","<img alt=""PFS Standard"" title=""PFS Standard"" style=""height:18px; padding:2px 10px 0px 2px"" src=""Images\Icons\PFS_Standard.png"">","Melee","Martial","<u><a href=""Sources.aspx?ID=39"" title=""Advanced Player's Guide"">Advanced Player's Guide</a></u>","<u><a href=""Traits.aspx?ID=159"">Uncommon</a></u>","<u><a href=""Traits.aspx?ID=170"">Agile</a></u>, <u><a href=""Traits.aspx?ID=211"">Catfolk</a></u>, <u><a href=""Traits.aspx?ID=174"">Deadly d8</a></u>, <u><a href=""Traits.aspx?ID=175"">Disarm</a></u>, <u><a href=""Traits.aspx?ID=179"">Finesse</a></u>, <u><a href=""Traits.aspx?ID=200"">Versatile P</a></u>","—","2 gp","1d4 S","1","—","—","L","<u><a href=""WeaponGroups.aspx?ID=9"">Knife</a></u>"
"<u><a href=""Weapons.aspx?ID=139"">Combat Grapnel</a></u>","—","Melee","Martial","<u><a href=""Sources.aspx?ID=50"" title=""PFS Guide"">PFS Guide</a></u>","<u><a href=""Traits.aspx?ID=159"">Uncommon</a></u>","<u><a href=""Traits.aspx?ID=179"">Finesse</a></u>, <u><a href=""Traits.aspx?ID=184"">Grapple</a></u>, <u><a href=""Traits.aspx?ID=252"">Tethered</a></u>, <u><a href=""Traits.aspx?ID=195"">Thrown 20 ft.</a></u>","1","9 sp","1d6 P","2","—","—","1","<u><a href=""WeaponGroups.aspx?ID=7"">Flail</a></u>"
"<u><a href=""Weapons.aspx?ID=49"">Dogslicer</a></u>","<img alt=""PFS Standard"" title=""PFS Standard"" style=""height:18px; padding:2px 10px 0px 2px"" src=""Images\Icons\PFS_Standard.png"">","Melee","Martial","<u><a href=""Sources.aspx?ID=1"" title=""Core Rulebook"">Core Rulebook</a></u>","<u><a href=""Traits.aspx?ID=159"">Uncommon</a></u>","<u><a href=""Traits.aspx?ID=170"">Agile</a></u>, <u><a href=""Traits.aspx?ID=172"">Backstabber</a></u>, <u><a href=""Traits.aspx?ID=179"">Finesse</a></u>, <u><a href=""Traits.aspx?ID=81"">Goblin</a></u>","—","1 sp","1d6 S","1","—","—","L","<u><a href=""WeaponGroups.aspx?ID=15"">Sword</a></u>"
"<u><a href=""Weapons.aspx?ID=50"">Elven Curve Blade</a></u>","<img alt=""PFS Standard"" title=""PFS Standard"" style=""height:18px; padding:2px 10px 0px 2px"" src=""Images\Icons\PFS_Standard.png"">","Melee","Martial","<u><a href=""Sources.aspx?ID=1"" title=""Core Rulebook"">Core Rulebook</a></u>","<u><a href=""Traits.aspx?ID=159"">Uncommon</a></u>","<u><a href=""Traits.aspx?ID=58"">Elf</a></u>, <u><a href=""Traits.aspx?ID=179"">Finesse</a></u>, <u><a href=""Traits.aspx?ID=180"">Forceful</a></u>","—","4 gp","1d8 S","2","—","—","2","<u><a href=""WeaponGroups.aspx?ID=15"">Sword</a></u>"
"<u><a href=""Weapons.aspx?ID=132"">Exquisite Sword Cane</a></u>","—","Melee","Martial","<u><a href=""Sources.aspx?ID=45"" title=""Pathfinder #157: Devil at the Dreaming Palace"">Pathfinder #157</a></u>","<u><a href=""Traits.aspx?ID=28"">Common</a></u>","<u><a href=""Traits.aspx?ID=170"">Agile</a></u>, <u><a href=""Traits.aspx?ID=327"">Concealable</a></u>, <u><a href=""Traits.aspx?ID=179"">Finesse</a></u>, <u><a href=""Traits.aspx?ID=190"">Parry</a></u>, <u><a href=""Traits.aspx?ID=197"">Twin (Sheath)</a></u>","4","90 gp","1d6 P","1","—","—","1","<u><a href=""WeaponGroups.aspx?ID=15"">Sword</a></u>"
"<u><a href=""Weapons.aspx?ID=133"">Exquisite Sword Cane Sheath</a></u>","—","Melee","Martial","<u><a href=""Sources.aspx?ID=45"" title=""Pathfinder #157: Devil at the Dreaming Palace"">Pathfinder #157</a></u>","<u><a href=""Traits.aspx?ID=28"">Common</a></u>","<u><a href=""Traits.aspx?ID=170"">Agile</a></u>, <u><a href=""Traits.aspx?ID=179"">Finesse</a></u>, <u><a href=""Traits.aspx?ID=190"">Parry</a></u>, <u><a href=""Traits.aspx?ID=197"">Twin (Sword)</a></u>","—","—","1d4 B","1","—","—","L","<u><a href=""WeaponGroups.aspx?ID=5"">Club</a></u>"
"<u><a href=""Weapons.aspx?ID=18"">Falchion</a></u>","<img alt=""PFS Standard"" title=""PFS Standard"" style=""height:18px; padding:2px 10px 0px 2px"" src=""Images\Icons\PFS_Standard.png"">","Melee","Martial","<u><a href=""Sources.aspx?ID=1"" title=""Core Rulebook"">Core Rulebook</a></u>","<u><a href=""Traits.aspx?ID=28"">Common</a></u>","<u><a href=""Traits.aspx?ID=180"">Forceful</a></u>, <u><a href=""Traits.aspx?ID=194"">Sweep</a></u>","—","3 gp","1d10 S","2","—","—","2","<u><a href=""WeaponGroups.aspx?ID=15"">Sword</a></u>"
"<u><a href=""Weapons.aspx?ID=143"">Fangwire</a></u>","<img alt=""PFS Standard"" title=""PFS Standard"" style=""height:18px; padding:2px 10px 0px 2px"" src=""Images\Icons\PFS_Standard.png"">","Melee","Martial","<u><a href=""Sources.aspx?ID=74"" title=""Ancestry Guide"">Ancestry Guide</a></u>","<u><a href=""Traits.aspx?ID=159"">Uncommon</a></u>","<u><a href=""Traits.aspx?ID=170"">Agile</a></u>, <u><a href=""Traits.aspx?ID=172"">Backstabber</a></u>, <u><a href=""Traits.aspx?ID=174"">Deadly d8</a></u>, <u><a href=""Traits.aspx?ID=179"">Finesse</a></u>, <u><a href=""Traits.aspx?ID=184"">Grapple</a></u>, <u><a href=""Traits.aspx?ID=224"">Kobold</a></u>","—","4 gp","1d4 S","1","—","—","L","<u><a href=""WeaponGroups.aspx?ID=4"">Brawling</a></u>"
"<u><a href=""Weapons.aspx?ID=90"">Fauchard</a></u>","<img alt=""PFS Standard"" title=""PFS Standard"" style=""height:18px; padding:2px 10px 0px 2px"" src=""Images\Icons\PFS_Standard.png"">","Melee","Martial","<u><a href=""Sources.aspx?ID=12"" title=""Character Guide"">Character Guide</a></u>","<u><a href=""Traits.aspx?ID=28"">Common</a></u>","<u><a href=""Traits.aspx?ID=174"">Deadly d8</a></u>, <u><a href=""Traits.aspx?ID=192"">Reach</a></u>, <u><a href=""Traits.aspx?ID=194"">Sweep</a></u>, <u><a href=""Traits.aspx?ID=196"">Trip</a></u>","—","1 gp, 4 sp","1d8 S","2","—","—","2","<u><a href=""WeaponGroups.aspx?ID=11"">Polearm</a></u>"
"<u><a href=""Weapons.aspx?ID=93"">Fighting Fan</a></u>","<img alt=""PFS Standard"" title=""PFS Standard"" style=""height:18px; padding:2px 10px 0px 2px"" src=""Images\Icons\PFS_Standard.png"">","Melee","Martial","<u><a href=""Sources.aspx?ID=17"" title=""Gods & Magic"">Gods & Magic</a></u>","<u><a href=""Traits.aspx?ID=159"">Uncommon</a></u>","<u><a href=""Traits.aspx?ID=170"">Agile</a></u>, <u><a href=""Traits.aspx?ID=172"">Backstabber</a></u>, <u><a href=""Traits.aspx?ID=174"">Deadly d6</a></u>, <u><a href=""Traits.aspx?ID=179"">Finesse</a></u>, <u><a href=""Traits.aspx?ID=112"">Monk</a></u>","—","1 gp, 1 sp","1d4 S","1","—","—","L","<u><a href=""WeaponGroups.aspx?ID=9"">Knife</a></u>"
"<u><a href=""Weapons.aspx?ID=168"">Fighting Stick</a></u>","—","Melee","Martial","<u><a href=""Sources.aspx?ID=89"" title=""The Mwangi Expanse"">The Mwangi Expanse</a></u>","<u><a href=""Traits.aspx?ID=159"">Uncommon</a></u>","<u><a href=""Traits.aspx?ID=173"">Backswing</a></u>, <u><a href=""Traits.aspx?ID=87"">Halfling</a></u>, <u><a href=""Traits.aspx?ID=188"">Nonlethal</a></u>, <u><a href=""Traits.aspx?ID=193"">Shove</a></u>","—","5 sp","1d6 B","1","—","—","1","<u><a href=""WeaponGroups.aspx?ID=5"">Club</a></u>"
"<u><a href=""Weapons.aspx?ID=51"">Filcher's Fork</a></u>","<img alt=""PFS Standard"" title=""PFS Standard"" style=""height:18px; padding:2px 10px 0px 2px"" src=""Images\Icons\PFS_Standard.png"">","Melee","Martial","<u><a href=""Sources.aspx?ID=1"" title=""Core Rulebook"">Core Rulebook</a></u>","<u><a href=""Traits.aspx?ID=159"">Uncommon</a></u>","<u><a href=""Traits.aspx?ID=170"">Agile</a></u>, <u><a href=""Traits.aspx?ID=172"">Backstabber</a></u>, <u><a href=""Traits.aspx?ID=174"">Deadly d6</a></u>, <u><a href=""Traits.aspx?ID=179"">Finesse</a></u>, <u><a href=""Traits.aspx?ID=87"">Halfling</a></u>, <u><a href=""Traits.aspx?ID=195"">Thrown 20 ft.</a></u>","—","1 gp","1d4 P","1","—","—","L","<u><a href=""WeaponGroups.aspx?ID=14"">Spear</a></u>"
"<u><a href=""Weapons.aspx?ID=19"">Flail</a></u>","<img alt=""PFS Standard"" title=""PFS Standard"" style=""height:18px; padding:2px 10px 0px 2px"" src=""Images\Icons\PFS_Standard.png"">","Melee","Martial","<u><a href=""Sources.aspx?ID=1"" title=""Core Rulebook"">Core Rulebook</a></u>","<u><a href=""Traits.aspx?ID=28"">Common</a></u>","<u><a href=""Traits.aspx?ID=175"">Disarm</a></u>, <u><a href=""Traits.aspx?ID=194"">Sweep</a></u>, <u><a href=""Traits.aspx?ID=196"">Trip</a></u>","—","1 gp","1d6 B","1","—","—","1","<u><a href=""WeaponGroups.aspx?ID=7"">Flail</a></u>"
"<u><a href=""Weapons.aspx?ID=169"">Gaff</a></u>","—","Melee","Martial","<u><a href=""Sources.aspx?ID=89"" title=""The Mwangi Expanse"">The Mwangi Expanse</a></u>","<u><a href=""Traits.aspx?ID=28"">Common</a></u>","<u><a href=""Traits.aspx?ID=196"">Trip</a></u>, <u><a href=""Traits.aspx?ID=200"">Versatile P</a></u>","—","1 gp","1d6 B","1","—","—","1","<u><a href=""WeaponGroups.aspx?ID=5"">Club</a></u>"
"<u><a href=""Weapons.aspx?ID=156"">Gill Hook</a></u>","<img alt=""PFS Standard"" title=""PFS Standard"" style=""height:18px; padding:2px 10px 0px 2px"" src=""Images\Icons\PFS_Standard.png"">","Melee","Martial","<u><a href=""Sources.aspx?ID=76"" title=""Azarketi Ancestry Web Supplement"">Azarketi Ancestry Web Supplement</a></u>","<u><a href=""Traits.aspx?ID=159"">Uncommon</a></u>","<u><a href=""Traits.aspx?ID=336"">Azarketi</a></u>, <u><a href=""Traits.aspx?ID=184"">Grapple</a></u>, <u><a href=""Traits.aspx?ID=192"">Reach</a></u>","—","2 gp","1d10 P","2","—","—","2","<u><a href=""WeaponGroups.aspx?ID=14"">Spear</a></u>"
"<u><a href=""Weapons.aspx?ID=20"">Glaive</a></u>","<img alt=""PFS Standard"" title=""PFS Standard"" style=""height:18px; padding:2px 10px 0px 2px"" src=""Images\Icons\PFS_Standard.png"">","Melee","Martial","<u><a href=""Sources.aspx?ID=1"" title=""Core Rulebook"">Core Rulebook</a></u>","<u><a href=""Traits.aspx?ID=28"">Common</a></u>","<u><a href=""Traits.aspx?ID=174"">Deadly d8</a></u>, <u><a href=""Traits.aspx?ID=180"">Forceful</a></u>, <u><a href=""Traits.aspx?ID=192"">Reach</a></u>","—","1 gp","1d8 S","2","—","—","2","<u><a href=""WeaponGroups.aspx?ID=11"">Polearm</a></u>"
"<u><a href=""Weapons.aspx?ID=52"">Gnome Hooked Hammer</a></u>","<img alt=""PFS Standard"" title=""PFS Standard"" style=""height:18px; padding:2px 10px 0px 2px"" src=""Images\Icons\PFS_Standard.png"">","Melee","Martial","<u><a href=""Sources.aspx?ID=1"" title=""Core Rulebook"">Core Rulebook</a></u>","<u><a href=""Traits.aspx?ID=159"">Uncommon</a></u>","<u><a href=""Traits.aspx?ID=80"">Gnome</a></u>, <u><a href=""Traits.aspx?ID=196"">Trip</a></u>, <u><a href=""Traits.aspx?ID=198"">Two-Hand 1d10</a></u>, <u><a href=""Traits.aspx?ID=200"">Versatile P</a></u>","—","2 gp","1d6 B","1","—","—","1","<u><a href=""WeaponGroups.aspx?ID=8"">Hammer</a></u>"
"<u><a href=""Weapons.aspx?ID=21"">Greataxe</a></u>","<img alt=""PFS Standard"" title=""PFS Standard"" style=""height:18px; padding:2px 10px 0px 2px"" src=""Images\Icons\PFS_Standard.png"">","Melee","Martial","<u><a href=""Sources.aspx?ID=1"" title=""Core Rulebook"">Core Rulebook</a></u>","<u><a href=""Traits.aspx?ID=28"">Common</a></u>","<u><a href=""Traits.aspx?ID=194"">Sweep</a></u>","—","2 gp","1d12 S","2","—","—","2","<u><a href=""WeaponGroups.aspx?ID=1"">Axe</a></u>"
"<u><a href=""Weapons.aspx?ID=22"">Greatclub</a></u>","<img alt=""PFS Standard"" title=""PFS Standard"" style=""height:18px; padding:2px 10px 0px 2px"" src=""Images\Icons\PFS_Standard.png"">","Melee","Martial","<u><a href=""Sources.aspx?ID=1"" title=""Core Rulebook"">Core Rulebook</a></u>","<u><a href=""Traits.aspx?ID=28"">Common</a></u>","<u><a href=""Traits.aspx?ID=173"">Backswing</a></u>, <u><a href=""Traits.aspx?ID=193"">Shove</a></u>","—","1 gp","1d10 B","2","—","—","2","<u><a href=""WeaponGroups.aspx?ID=5"">Club</a></u>"
"<u><a href=""Weapons.aspx?ID=23"">Greatpick</a></u>","<img alt=""PFS Standard"" title=""PFS Standard"" style=""height:18px; padding:2px 10px 0px 2px"" src=""Images\Icons\PFS_Standard.png"">","Melee","Martial","<u><a href=""Sources.aspx?ID=1"" title=""Core Rulebook"">Core Rulebook</a></u>","<u><a href=""Traits.aspx?ID=28"">Common</a></u>","<u><a href=""Traits.aspx?ID=178"">Fatal 1d12</a></u>","—","2 gp","1d10 P","2","—","—","2","<u><a href=""WeaponGroups.aspx?ID=10"">Pick</a></u>"
"<u><a href=""Weapons.aspx?ID=24"">Greatsword</a></u>","<img alt=""PFS Standard"" title=""PFS Standard"" style=""height:18px; padding:2px 10px 0px 2px"" src=""Images\Icons\PFS_Standard.png"">","Melee","Martial","<u><a href=""Sources.aspx?ID=1"" title=""Core Rulebook"">Core Rulebook</a></u>","<u><a href=""Traits.aspx?ID=28"">Common</a></u>","<u><a href=""Traits.aspx?ID=200"">Versatile P</a></u>","—","2 gp","1d12 S","2","—","—","2","<u><a href=""WeaponGroups.aspx?ID=15"">Sword</a></u>"
"<u><a href=""Weapons.aspx?ID=25"">Guisarme</a></u>","<img alt=""PFS Standard"" title=""PFS Standard"" style=""height:18px; padding:2px 10px 0px 2px"" src=""Images\Icons\PFS_Standard.png"">","Melee","Martial","<u><a href=""Sources.aspx?ID=1"" title=""Core Rulebook"">Core Rulebook</a></u>","<u><a href=""Traits.aspx?ID=28"">Common</a></u>","<u><a href=""Traits.aspx?ID=192"">Reach</a></u>, <u><a href=""Traits.aspx?ID=196"">Trip</a></u>","—","2 gp","1d10 S","2","—","—","2","<u><a href=""WeaponGroups.aspx?ID=11"">Polearm</a></u>"
"<u><a href=""Weapons.aspx?ID=26"">Halberd</a></u>","<img alt=""PFS Standard"" title=""PFS Standard"" style=""height:18px; padding:2px 10px 0px 2px"" src=""Images\Icons\PFS_Standard.png"">","Melee","Martial","<u><a href=""Sources.aspx?ID=1"" title=""Core Rulebook"">Core Rulebook</a></u>","<u><a href=""Traits.aspx?ID=28"">Common</a></u>","<u><a href=""Traits.aspx?ID=192"">Reach</a></u>, <u><a href=""Traits.aspx?ID=200"">Versatile S</a></u>","—","2 gp","1d10 P","2","—","—","2","<u><a href=""WeaponGroups.aspx?ID=11"">Polearm</a></u>"
"<u><a href=""Weapons.aspx?ID=144"">Hand Adze</a></u>","<img alt=""PFS Standard"" title=""PFS Standard"" style=""height:18px; padding:2px 10px 0px 2px"" src=""Images\Icons\PFS_Standard.png"">","Melee","Martial","<u><a href=""Sources.aspx?ID=74"" title=""Ancestry Guide"">Ancestry Guide</a></u>","<u><a href=""Traits.aspx?ID=28"">Common</a></u>","<u><a href=""Traits.aspx?ID=170"">Agile</a></u>, <u><a href=""Traits.aspx?ID=180"">Forceful</a></u>, <u><a href=""Traits.aspx?ID=264"">Grippli</a></u>, <u><a href=""Traits.aspx?ID=194"">Sweep</a></u>, <u><a href=""Traits.aspx?ID=195"">Thrown 10 ft.</a></u>","—","5 sp","1d4 S","1","—","—","L","<u><a href=""WeaponGroups.aspx?ID=1"">Axe</a></u>"
"<u><a href=""Weapons.aspx?ID=27"">Hatchet</a></u>","<img alt=""PFS Standard"" title=""PFS Standard"" style=""height:18px; padding:2px 10px 0px 2px"" src=""Images\Icons\PFS_Standard.png"">","Melee","Martial","<u><a href=""Sources.aspx?ID=1"" title=""Core Rulebook"">Core Rulebook</a></u>","<u><a href=""Traits.aspx?ID=28"">Common</a></u>","<u><a href=""Traits.aspx?ID=170"">Agile</a></u>, <u><a href=""Traits.aspx?ID=194"">Sweep</a></u>, <u><a href=""Traits.aspx?ID=195"">Thrown  10 ft.</a></u>","—","4 sp","1d6 S","1","—","—","L","<u><a href=""WeaponGroups.aspx?ID=1"">Axe</a></u>"
"<u><a href=""Weapons.aspx?ID=53"">Horsechopper</a></u>","<img alt=""PFS Standard"" title=""PFS Standard"" style=""height:18px; padding:2px 10px 0px 2px"" src=""Images\Icons\PFS_Standard.png"">","Melee","Martial","<u><a href=""Sources.aspx?ID=1"" title=""Core Rulebook"">Core Rulebook</a></u>","<u><a href=""Traits.aspx?ID=159"">Uncommon</a></u>","<u><a href=""Traits.aspx?ID=81"">Goblin</a></u>, <u><a href=""Traits.aspx?ID=192"">Reach</a></u>, <u><a href=""Traits.aspx?ID=196"">Trip</a></u>, <u><a href=""Traits.aspx?ID=200"">Versatile P</a></u>","—","9 sp","1d8 S","2","—","—","2","<u><a href=""WeaponGroups.aspx?ID=11"">Polearm</a></u>"
"<u><a href=""Weapons.aspx?ID=54"">Kama</a></u>","<img alt=""PFS Standard"" title=""PFS Standard"" style=""height:18px; padding:2px 10px 0px 2px"" src=""Images\Icons\PFS_Standard.png"">","Melee","Martial","<u><a href=""Sources.aspx?ID=1"" title=""Core Rulebook"">Core Rulebook</a></u>","<u><a href=""Traits.aspx?ID=159"">Uncommon</a></u>","<u><a href=""Traits.aspx?ID=170"">Agile</a></u>, <u><a href=""Traits.aspx?ID=112"">Monk</a></u>, <u><a href=""Traits.aspx?ID=196"">Trip</a></u>","—","1 gp","1d6 S","1","—","—","L","<u><a href=""WeaponGroups.aspx?ID=9"">Knife</a></u>"
"<u><a href=""Weapons.aspx?ID=55"">Katana</a></u>","<img alt=""PFS Standard"" title=""PFS Standard"" style=""height:18px; padding:2px 10px 0px 2px"" src=""Images\Icons\PFS_Standard.png"">","Melee","Martial","<u><a href=""Sources.aspx?ID=1"" title=""Core Rulebook"">Core Rulebook</a></u>","<u><a href=""Traits.aspx?ID=159"">Uncommon</a></u>","<u><a href=""Traits.aspx?ID=174"">Deadly d8</a></u>, <u><a href=""Traits.aspx?ID=198"">Two-Hand 1d10</a></u>, <u><a href=""Traits.aspx?ID=200"">Versatile P</a></u>","—","2 gp","1d6 S","1","—","—","1","<u><a href=""WeaponGroups.aspx?ID=15"">Sword</a></u>"
"<u><a href=""Weapons.aspx?ID=126"">Khakkara</a></u>","<img alt=""PFS Standard"" title=""PFS Standard"" style=""height:18px; padding:2px 10px 0px 2px"" src=""Images\Icons\PFS_Standard.png"">","Melee","Martial","<u><a href=""Sources.aspx?ID=39"" title=""Advanced Player's Guide"">Advanced Player's Guide</a></u>","<u><a href=""Traits.aspx?ID=159"">Uncommon</a></u>","<u><a href=""Traits.aspx?ID=193"">Shove</a></u>, <u><a href=""Traits.aspx?ID=198"">Two-Hand 1d10</a></u>, <u><a href=""Traits.aspx?ID=200"">Versatile P</a></u>","—","2 gp","1d6 B","1","—","—","1","<u><a href=""WeaponGroups.aspx?ID=5"">Club</a></u>"
"<u><a href=""Weapons.aspx?ID=94"">Khopesh</a></u>","<img alt=""PFS Standard"" title=""PFS Standard"" style=""height:18px; padding:2px 10px 0px 2px"" src=""Images\Icons\PFS_Standard.png"">","Melee","Martial","<u><a href=""Sources.aspx?ID=17"" title=""Gods & Magic"">Gods & Magic</a></u>","<u><a href=""Traits.aspx?ID=159"">Uncommon</a></u>","<u><a href=""Traits.aspx?ID=196"">Trip</a></u>","—","2 gp","1d8 S","1","—","—","1","<u><a href=""WeaponGroups.aspx?ID=15"">Sword</a></u>"
"<u><a href=""Weapons.aspx?ID=56"">Kukri</a></u>","<img alt=""PFS Standard"" title=""PFS Standard"" style=""height:18px; padding:2px 10px 0px 2px"" src=""Images\Icons\PFS_Standard.png"">","Melee","Martial","<u><a href=""Sources.aspx?ID=1"" title=""Core Rulebook"">Core Rulebook</a></u>","<u><a href=""Traits.aspx?ID=159"">Uncommon</a></u>","<u><a href=""Traits.aspx?ID=170"">Agile</a></u>, <u><a href=""Traits.aspx?ID=179"">Finesse</a></u>, <u><a href=""Traits.aspx?ID=196"">Trip</a></u>","—","6 sp","1d6 S","1","—","—","L","<u><a href=""WeaponGroups.aspx?ID=9"">Knife</a></u>"
"<u><a href=""Weapons.aspx?ID=165"">Kusarigama</a></u>","<img alt=""PFS Limited"" title=""PFS Limited"" style=""height:18px; padding:2px 10px 0px 2px"" src=""Images\Icons\PFS_Limited.png"">","Melee","Martial","<u><a href=""Sources.aspx?ID=85"" title=""Pathfinder #166: Despair on Danger Island"">Pathfinder #166</a></u>","<u><a href=""Traits.aspx?ID=159"">Uncommon</a></u>","<u><a href=""Traits.aspx?ID=175"">Disarm</a></u>, <u><a href=""Traits.aspx?ID=112"">Monk</a></u>, <u><a href=""Traits.aspx?ID=192"">Reach</a></u>, <u><a href=""Traits.aspx?ID=196"">Trip</a></u>, <u><a href=""Traits.aspx?ID=200"">Versatile B</a></u>","—","2 gp","1d8 S","2","—","—","1","<u><a href=""WeaponGroups.aspx?ID=9"">Knife</a></u>"
"<u><a href=""Weapons.aspx?ID=28"">Lance</a></u>","<img alt=""PFS Standard"" title=""PFS Standard"" style=""height:18px; padding:2px 10px 0px 2px"" src=""Images\Icons\PFS_Standard.png"">","Melee","Martial","<u><a href=""Sources.aspx?ID=1"" title=""Core Rulebook"">Core Rulebook</a></u>","<u><a href=""Traits.aspx?ID=28"">Common</a></u>","<u><a href=""Traits.aspx?ID=174"">Deadly d8</a></u>, <u><a href=""Traits.aspx?ID=186"">Jousting 1d6</a></u>, <u><a href=""Traits.aspx?ID=192"">Reach</a></u>","—","1 gp","1d8 P","2","—","—","2","<u><a href=""WeaponGroups.aspx?ID=14"">Spear</a></u>"
"<u><a href=""Weapons.aspx?ID=166"">Leiomano</a></u>","<img alt=""PFS Limited"" title=""PFS Limited"" style=""height:18px; padding:2px 10px 0px 2px"" src=""Images\Icons\PFS_Limited.png"">","Melee","Martial","<u><a href=""Sources.aspx?ID=85"" title=""Pathfinder #166: Despair on Danger Island"">Pathfinder #166</a></u>","<u><a href=""Traits.aspx?ID=159"">Uncommon</a></u>","<u><a href=""Traits.aspx?ID=174"">Deadly d10</a></u>, <u><a href=""Traits.aspx?ID=200"">Versatile S</a></u>","—","2 gp","1d6 B","1","—","—","1","<u><a href=""WeaponGroups.aspx?ID=5"">Club</a></u>"
"<u><a href=""Weapons.aspx?ID=29"">Light Hammer</a></u>","<img alt=""PFS Standard"" title=""PFS Standard"" style=""height:18px; padding:2px 10px 0px 2px"" src=""Images\Icons\PFS_Standard.png"">","Melee","Martial","<u><a href=""Sources.aspx?ID=1"" title=""Core Rulebook"">Core Rulebook</a></u>","<u><a href=""Traits.aspx?ID=28"">Common</a></u>","<u><a href=""Traits.aspx?ID=170"">Agile</a></u>, <u><a href=""Traits.aspx?ID=195"">Thrown 20 ft.</a></u>","—","3 sp","1d6 B","1","—","—","L","<u><a href=""WeaponGroups.aspx?ID=8"">Hammer</a></u>"
"<u><a href=""Weapons.aspx?ID=30"">Light Pick</a></u>","<img alt=""PFS Standard"" title=""PFS Standard"" style=""height:18px; padding:2px 10px 0px 2px"" src=""Images\Icons\PFS_Standard.png"">","Melee","Martial","<u><a href=""Sources.aspx?ID=1"" title=""Core Rulebook"">Core Rulebook</a></u>","<u><a href=""Traits.aspx?ID=28"">Common</a></u>","<u><a href=""Traits.aspx?ID=170"">Agile</a></u>, <u><a href=""Traits.aspx?ID=178"">Fatal 1d8</a></u>","—","4 sp","1d4 P","1","—","—","L","<u><a href=""WeaponGroups.aspx?ID=10"">Pick</a></u>"
"<u><a href=""Weapons.aspx?ID=31"">Longsword</a></u>","<img alt=""PFS Standard"" title=""PFS Standard"" style=""height:18px; padding:2px 10px 0px 2px"" src=""Images\Icons\PFS_Standard.png"">","Melee","Martial","<u><a href=""Sources.aspx?ID=1"" title=""Core Rulebook"">Core Rulebook</a></u>","<u><a href=""Traits.aspx?ID=28"">Common</a></u>","<u><a href=""Traits.aspx?ID=200"">Versatile P</a></u>","—","1 gp","1d8 S","1","—","—","1","<u><a href=""WeaponGroups.aspx?ID=15"">Sword</a></u>"
"<u><a href=""Weapons.aspx?ID=95"">Machete</a></u>","<img alt=""PFS Standard"" title=""PFS Standard"" style=""height:18px; padding:2px 10px 0px 2px"" src=""Images\Icons\PFS_Standard.png"">","Melee","Martial","<u><a href=""Sources.aspx?ID=17"" title=""Gods & Magic"">Gods & Magic</a></u>","<u><a href=""Traits.aspx?ID=28"">Common</a></u>","<u><a href=""Traits.aspx?ID=174"">Deadly d8</a></u>, <u><a href=""Traits.aspx?ID=194"">Sweep</a></u>","—","7 sp","1d6 S","1","—","—","L","<u><a href=""WeaponGroups.aspx?ID=15"">Sword</a></u>"
"<u><a href=""Weapons.aspx?ID=32"">Main-gauche</a></u>","<img alt=""PFS Standard"" title=""PFS Standard"" style=""height:18px; padding:2px 10px 0px 2px"" src=""Images\Icons\PFS_Standard.png"">","Melee","Martial","<u><a href=""Sources.aspx?ID=1"" title=""Core Rulebook"">Core Rulebook</a></u>","<u><a href=""Traits.aspx?ID=28"">Common</a></u>","<u><a href=""Traits.aspx?ID=170"">Agile</a></u>, <u><a href=""Traits.aspx?ID=175"">Disarm</a></u>, <u><a href=""Traits.aspx?ID=179"">Finesse</a></u>, <u><a href=""Traits.aspx?ID=190"">Parry</a></u>, <u><a href=""Traits.aspx?ID=200"">Versatile S</a></u>","—","5 sp","1d4 P","1","—","—","L","<u><a href=""WeaponGroups.aspx?ID=9"">Knife</a></u>"
"<u><a href=""Weapons.aspx?ID=96"">Mambele</a></u>","<img alt=""PFS Standard"" title=""PFS Standard"" style=""height:18px; padding:2px 10px 0px 2px"" src=""Images\Icons\PFS_Standard.png"">","Melee","Martial","<u><a href=""Sources.aspx?ID=17"" title=""Gods & Magic"">Gods & Magic</a></u>","<u><a href=""Traits.aspx?ID=159"">Uncommon</a></u>","<u><a href=""Traits.aspx?ID=174"">Deadly d8</a></u>, <u><a href=""Traits.aspx?ID=175"">Disarm</a></u>, <u><a href=""Traits.aspx?ID=195"">Thrown 20 ft.</a></u>","—","6 sp","1d6 S","1","—","—","1","<u><a href=""WeaponGroups.aspx?ID=1"">Axe</a></u>"
"<u><a href=""Weapons.aspx?ID=33"">Maul</a></u>","<img alt=""PFS Standard"" title=""PFS Standard"" style=""height:18px; padding:2px 10px 0px 2px"" src=""Images\Icons\PFS_Standard.png"">","Melee","Martial","<u><a href=""Sources.aspx?ID=1"" title=""Core Rulebook"">Core Rulebook</a></u>","<u><a href=""Traits.aspx?ID=28"">Common</a></u>","<u><a href=""Traits.aspx?ID=193"">Shove</a></u>","—","3 gp","1d12 B","2","—","—","2","<u><a href=""WeaponGroups.aspx?ID=8"">Hammer</a></u>"
"<u><a href=""Weapons.aspx?ID=97"">Meteor Hammer</a></u>","<img alt=""PFS Standard"" title=""PFS Standard"" style=""height:18px; padding:2px 10px 0px 2px"" src=""Images\Icons\PFS_Standard.png"">","Melee","Martial","<u><a href=""Sources.aspx?ID=17"" title=""Gods & Magic"">Gods & Magic</a></u>","<u><a href=""Traits.aspx?ID=28"">Common</a></u>","<u><a href=""Traits.aspx?ID=173"">Backswing</a></u>, <u><a href=""Traits.aspx?ID=175"">Disarm</a></u>, <u><a href=""Traits.aspx?ID=192"">Reach</a></u>, <u><a href=""Traits.aspx?ID=196"">Trip</a></u>","—","3 gp","1d8 B","2","—","—","2","<u><a href=""WeaponGroups.aspx?ID=7"">Flail</a></u>"
"<u><a href=""Weapons.aspx?ID=130"">Monkey's Fist</a></u>","—","Melee","Martial","<u><a href=""Sources.aspx?ID=45"" title=""Pathfinder #157: Devil at the Dreaming Palace"">Pathfinder #157</a></u>","<u><a href=""Traits.aspx?ID=28"">Common</a></u>","<u><a href=""Traits.aspx?ID=179"">Finesse</a></u>, <u><a href=""Traits.aspx?ID=112"">Monk</a></u>, <u><a href=""Traits.aspx?ID=188"">Nonlethal</a></u>","—","1 sp","1d6 B","1","—","—","—","<u><a href=""WeaponGroups.aspx?ID=7"">Flail</a></u>"
"<u><a href=""Weapons.aspx?ID=98"">Naginata</a></u>","<img alt=""PFS Standard"" title=""PFS Standard"" style=""height:18px; padding:2px 10px 0px 2px"" src=""Images\Icons\PFS_Standard.png"">","Melee","Martial","<u><a href=""Sources.aspx?ID=17"" title=""Gods & Magic"">Gods & Magic</a></u>","<u><a href=""Traits.aspx?ID=159"">Uncommon</a></u>","<u><a href=""Traits.aspx?ID=174"">Deadly d8</a></u>, <u><a href=""Traits.aspx?ID=192"">Reach</a></u>, <u><a href=""Traits.aspx?ID=200"">Versatile P</a></u>","—","3 gp","1d8 S","2","—","—","2","<u><a href=""WeaponGroups.aspx?ID=11"">Polearm</a></u>"
"<u><a href=""Weapons.aspx?ID=99"">Nine-Ring Sword</a></u>","<img alt=""PFS Standard"" title=""PFS Standard"" style=""height:18px; padding:2px 10px 0px 2px"" src=""Images\Icons\PFS_Standard.png"">","Melee","Martial","<u><a href=""Sources.aspx?ID=17"" title=""Gods & Magic"">Gods & Magic</a></u>","<u><a href=""Traits.aspx?ID=159"">Uncommon</a></u>","<u><a href=""Traits.aspx?ID=175"">Disarm</a></u>","—","9 sp","1d8 S","1","—","—","1","<u><a href=""WeaponGroups.aspx?ID=15"">Sword</a></u>"
"<u><a href=""Weapons.aspx?ID=57"">Nunchaku</a></u>","<img alt=""PFS Standard"" title=""PFS Standard"" style=""height:18px; padding:2px 10px 0px 2px"" src=""Images\Icons\PFS_Standard.png"">","Melee","Martial","<u><a href=""Sources.aspx?ID=1"" title=""Core Rulebook"">Core Rulebook</a></u>","<u><a href=""Traits.aspx?ID=159"">Uncommon</a></u>","<u><a href=""Traits.aspx?ID=173"">Backswing</a></u>, <u><a href=""Traits.aspx?ID=175"">Disarm</a></u>, <u><a href=""Traits.aspx?ID=179"">Finesse</a></u>, <u><a href=""Traits.aspx?ID=112"">Monk</a></u>","—","2 sp","1d6 B","1","—","—","L","<u><a href=""WeaponGroups.aspx?ID=5"">Club</a></u>"
"<u><a href=""Weapons.aspx?ID=86"">Ogre Hook</a></u>","<img alt=""PFS Standard"" title=""PFS Standard"" style=""height:18px; padding:2px 10px 0px 2px"" src=""Images\Icons\PFS_Standard.png"">","Melee","Martial","<u><a href=""Sources.aspx?ID=2"" title=""Bestiary"">Bestiary</a></u>","<u><a href=""Traits.aspx?ID=159"">Uncommon</a></u>","<u><a href=""Traits.aspx?ID=174"">Deadly d10</a></u>, <u><a href=""Traits.aspx?ID=196"">Trip</a></u>","—","1 gp","1d10 P","2","—","—","2","<u><a href=""WeaponGroups.aspx?ID=10"">Pick</a></u>"
"<u><a href=""Weapons.aspx?ID=58"">Orc Knuckle Dagger</a></u>","<img alt=""PFS Standard"" title=""PFS Standard"" style=""height:18px; padding:2px 10px 0px 2px"" src=""Images\Icons\PFS_Standard.png"">","Melee","Martial","<u><a href=""Sources.aspx?ID=1"" title=""Core Rulebook"">Core Rulebook</a></u>","<u><a href=""Traits.aspx?ID=159"">Uncommon</a></u>","<u><a href=""Traits.aspx?ID=170"">Agile</a></u>, <u><a href=""Traits.aspx?ID=175"">Disarm</a></u>, <u><a href=""Traits.aspx?ID=124"">Orc</a></u>","—","7 sp","1d6 P","1","—","—","L","<u><a href=""WeaponGroups.aspx?ID=9"">Knife</a></u>"
"<u><a href=""Weapons.aspx?ID=34"">Pick</a></u>","<img alt=""PFS Standard"" title=""PFS Standard"" style=""height:18px; padding:2px 10px 0px 2px"" src=""Images\Icons\PFS_Standard.png"">","Melee","Martial","<u><a href=""Sources.aspx?ID=1"" title=""Core Rulebook"">Core Rulebook</a></u>","<u><a href=""Traits.aspx?ID=28"">Common</a></u>","<u><a href=""Traits.aspx?ID=178"">Fatal 1d10</a></u>","—","7 sp","1d6 P","1","—","—","1","<u><a href=""WeaponGroups.aspx?ID=10"">Pick</a></u>"
"<u><a href=""Weapons.aspx?ID=100"">Polytool</a></u>","<img alt=""PFS Standard"" title=""PFS Standard"" style=""height:18px; padding:2px 10px 0px 2px"" src=""Images\Icons\PFS_Standard.png"">","Melee","Martial","<u><a href=""Sources.aspx?ID=17"" title=""Gods & Magic"">Gods & Magic</a></u>","<u><a href=""Traits.aspx?ID=159"">Uncommon</a></u>","<u><a href=""Traits.aspx?ID=170"">Agile</a></u>, <u><a href=""Traits.aspx?ID=271"">Modular B, P, or S</a></u>","1","10 gp","1d6 modular","1","—","—","1","<u><a href=""WeaponGroups.aspx?ID=15"">Sword</a></u>"
"<u><a href=""Weapons.aspx?ID=35"">Ranseur</a></u>","<img alt=""PFS Standard"" title=""PFS Standard"" style=""height:18px; padding:2px 10px 0px 2px"" src=""Images\Icons\PFS_Standard.png"">","Melee","Martial","<u><a href=""Sources.aspx?ID=1"" title=""Core Rulebook"">Core Rulebook</a></u>","<u><a href=""Traits.aspx?ID=28"">Common</a></u>","<u><a href=""Traits.aspx?ID=175"">Disarm</a></u>, <u><a href=""Traits.aspx?ID=192"">Reach</a></u>","—","2 gp","1d10 P","2","—","—","2","<u><a href=""WeaponGroups.aspx?ID=11"">Polearm</a></u>"
"<u><a href=""Weapons.aspx?ID=36"">Rapier</a></u>","<img alt=""PFS Standard"" title=""PFS Standard"" style=""height:18px; padding:2px 10px 0px 2px"" src=""Images\Icons\PFS_Standard.png"">","Melee","Martial","<u><a href=""Sources.aspx?ID=1"" title=""Core Rulebook"">Core Rulebook</a></u>","<u><a href=""Traits.aspx?ID=28"">Common</a></u>","<u><a href=""Traits.aspx?ID=174"">Deadly d8</a></u>, <u><a href=""Traits.aspx?ID=175"">Disarm</a></u>, <u><a href=""Traits.aspx?ID=179"">Finesse</a></u>","—","2 gp","1d6 P","1","—","—","1","<u><a href=""WeaponGroups.aspx?ID=15"">Sword</a></u>"
"<u><a href=""Weapons.aspx?ID=145"">Rungu</a></u>","<img alt=""PFS Standard"" title=""PFS Standard"" style=""height:18px; padding:2px 10px 0px 2px"" src=""Images\Icons\PFS_Standard.png"">","Melee","Martial","<u><a href=""Sources.aspx?ID=74"" title=""Ancestry Guide"">Ancestry Guide</a></u>","<u><a href=""Traits.aspx?ID=28"">Common</a></u>","<u><a href=""Traits.aspx?ID=264"">Grippli</a></u>, <u><a href=""Traits.aspx?ID=193"">Shove</a></u>, <u><a href=""Traits.aspx?ID=195"">Thrown 30 ft.</a></u>","—","4 sp","1d6 B","1","—","—","L","<u><a href=""WeaponGroups.aspx?ID=5"">Club</a></u>"
"<u><a href=""Weapons.aspx?ID=59"">Sai</a></u>","<img alt=""PFS Standard"" title=""PFS Standard"" style=""height:18px; padding:2px 10px 0px 2px"" src=""Images\Icons\PFS_Standard.png"">","Melee","Martial","<u><a href=""Sources.aspx?ID=1"" title=""Core Rulebook"">Core Rulebook</a></u>","<u><a href=""Traits.aspx?ID=159"">Uncommon</a></u>","<u><a href=""Traits.aspx?ID=170"">Agile</a></u>, <u><a href=""Traits.aspx?ID=175"">Disarm</a></u>, <u><a href=""Traits.aspx?ID=179"">Finesse</a></u>, <u><a href=""Traits.aspx?ID=112"">Monk</a></u>, <u><a href=""Traits.aspx?ID=200"">Versatile B</a></u>","—","6 sp","1d4 P","1","—","—","L","<u><a href=""WeaponGroups.aspx?ID=9"">Knife</a></u>"
"<u><a href=""Weapons.aspx?ID=37"">Sap</a></u>","<img alt=""PFS Standard"" title=""PFS Standard"" style=""height:18px; padding:2px 10px 0px 2px"" src=""Images\Icons\PFS_Standard.png"">","Melee","Martial","<u><a href=""Sources.aspx?ID=1"" title=""Core Rulebook"">Core Rulebook</a></u>","<u><a href=""Traits.aspx?ID=28"">Common</a></u>","<u><a href=""Traits.aspx?ID=170"">Agile</a></u>, <u><a href=""Traits.aspx?ID=188"">Nonlethal</a></u>","—","1 sp","1d6 B","1","—","—","L","<u><a href=""WeaponGroups.aspx?ID=5"">Club</a></u>"
"<u><a href=""Weapons.aspx?ID=38"">Scimitar</a></u>","<img alt=""PFS Standard"" title=""PFS Standard"" style=""height:18px; padding:2px 10px 0px 2px"" src=""Images\Icons\PFS_Standard.png"">","Melee","Martial","<u><a href=""Sources.aspx?ID=1"" title=""Core Rulebook"">Core Rulebook</a></u>","<u><a href=""Traits.aspx?ID=28"">Common</a></u>","<u><a href=""Traits.aspx?ID=180"">Forceful</a></u>, <u><a href=""Traits.aspx?ID=194"">Sweep</a></u>","—","1 gp","1d6 S","1","—","—","1","<u><a href=""WeaponGroups.aspx?ID=15"">Sword</a></u>"
"<u><a href=""Weapons.aspx?ID=114"">Scorpion Whip</a></u>","<img alt=""PFS Limited"" title=""PFS Limited"" style=""height:18px; padding:2px 10px 0px 2px"" src=""Images\Icons\PFS_Limited.png"">","Melee","Martial","<u><a href=""Sources.aspx?ID=21"" title=""Pathfinder #151: The Show Must Go On"">Pathfinder #151</a></u>","<u><a href=""Traits.aspx?ID=159"">Uncommon</a></u>","<u><a href=""Traits.aspx?ID=175"">Disarm</a></u>, <u><a href=""Traits.aspx?ID=179"">Finesse</a></u>, <u><a href=""Traits.aspx?ID=192"">Reach</a></u>, <u><a href=""Traits.aspx?ID=196"">Trip</a></u>","—","5 sp","1d4 S","1","—","—","L","<u><a href=""WeaponGroups.aspx?ID=7"">Flail</a></u>"
"<u><a href=""Weapons.aspx?ID=89"">Scourge</a></u>","<img alt=""PFS Standard"" title=""PFS Standard"" style=""height:18px; padding:2px 10px 0px 2px"" src=""Images\Icons\PFS_Standard.png"">","Melee","Martial","<u><a href=""Sources.aspx?ID=12"" title=""Character Guide"">Character Guide</a></u>","<u><a href=""Traits.aspx?ID=28"">Common</a></u>","<u><a href=""Traits.aspx?ID=170"">Agile</a></u>, <u><a href=""Traits.aspx?ID=175"">Disarm</a></u>, <u><a href=""Traits.aspx?ID=179"">Finesse</a></u>, <u><a href=""Traits.aspx?ID=188"">Nonlethal</a></u>, <u><a href=""Traits.aspx?ID=194"">Sweep</a></u>","—","1 sp","1d4 S","1","—","—","1","<u><a href=""WeaponGroups.aspx?ID=7"">Flail</a></u>"
"<u><a href=""Weapons.aspx?ID=39"">Scythe</a></u>","<img alt=""PFS Standard"" title=""PFS Standard"" style=""height:18px; padding:2px 10px 0px 2px"" src=""Images\Icons\PFS_Standard.png"">","Melee","Martial","<u><a href=""Sources.aspx?ID=1"" title=""Core Rulebook"">Core Rulebook</a></u>","<u><a href=""Traits.aspx?ID=28"">Common</a></u>","<u><a href=""Traits.aspx?ID=174"">Deadly d10</a></u>, <u><a href=""Traits.aspx?ID=196"">Trip</a></u>","—","2 gp","1d10 S","2","—","—","2","<u><a href=""WeaponGroups.aspx?ID=11"">Polearm</a></u>"
"<u><a href=""Weapons.aspx?ID=157"">Shauth Blade</a></u>","<img alt=""PFS Limited"" title=""PFS Limited"" style=""height:18px; padding:2px 10px 0px 2px"" src=""Images\Icons\PFS_Limited.png"">","Melee","Martial","<u><a href=""Sources.aspx?ID=81"" title=""Pathfinder #165: Eyes of Empty Death"">Pathfinder #165</a></u>","<u><a href=""Traits.aspx?ID=159"">Uncommon</a></u>","<u><a href=""Traits.aspx?ID=170"">Agile</a></u>, <u><a href=""Traits.aspx?ID=174"">Deadly d8</a></u>, <u><a href=""Traits.aspx?ID=179"">Finesse</a></u>, <u><a href=""Traits.aspx?ID=200"">Versatile P</a></u>","—","2 gp","1d4 S","1","—","—","L","<u><a href=""WeaponGroups.aspx?ID=9"">Knife</a></u>"
"<u><a href=""Weapons.aspx?ID=40"">Shield Bash</a></u>","<img alt=""PFS Standard"" title=""PFS Standard"" style=""height:18px; padding:2px 10px 0px 2px"" src=""Images\Icons\PFS_Standard.png"">","Melee","Martial","<u><a href=""Sources.aspx?ID=1"" title=""Core Rulebook"">Core Rulebook</a></u>","<u><a href=""Traits.aspx?ID=28"">Common</a></u>","—","—","—","1d4 B","1","—","—","—","<u><a href=""WeaponGroups.aspx?ID=12"">Shield</a></u>"
"<u><a href=""Weapons.aspx?ID=41"">Shield Boss</a></u>","<img alt=""PFS Standard"" title=""PFS Standard"" style=""height:18px; padding:2px 10px 0px 2px"" src=""Images\Icons\PFS_Standard.png"">","Melee","Martial","<u><a href=""Sources.aspx?ID=1"" title=""Core Rulebook"">Core Rulebook</a></u>","<u><a href=""Traits.aspx?ID=28"">Common</a></u>","<u><a href=""Traits.aspx?ID=171"">Attached to Shield</a></u>","—","5 sp","1d6 B","1","—","—","—","<u><a href=""WeaponGroups.aspx?ID=12"">Shield</a></u>"
"<u><a href=""Weapons.aspx?ID=42"">Shield Spikes</a></u>","<img alt=""PFS Standard"" title=""PFS Standard"" style=""height:18px; padding:2px 10px 0px 2px"" src=""Images\Icons\PFS_Standard.png"">","Melee","Martial","<u><a href=""Sources.aspx?ID=1"" title=""Core Rulebook"">Core Rulebook</a></u>","<u><a href=""Traits.aspx?ID=28"">Common</a></u>","<u><a href=""Traits.aspx?ID=171"">Attached to Shield</a></u>","—","5 sp","1d6 P","1","—","—","—","<u><a href=""WeaponGroups.aspx?ID=12"">Shield</a></u>"
"<u><a href=""Weapons.aspx?ID=43"">Shortsword</a></u>","<img alt=""PFS Standard"" title=""PFS Standard"" style=""height:18px; padding:2px 10px 0px 2px"" src=""Images\Icons\PFS_Standard.png"">","Melee","Martial","<u><a href=""Sources.aspx?ID=1"" title=""Core Rulebook"">Core Rulebook</a></u>","<u><a href=""Traits.aspx?ID=28"">Common</a></u>","<u><a href=""Traits.aspx?ID=170"">Agile</a></u>, <u><a href=""Traits.aspx?ID=179"">Finesse</a></u>, <u><a href=""Traits.aspx?ID=200"">Versatile S</a></u>","—","9 sp","1d6 P","1","—","—","L","<u><a href=""WeaponGroups.aspx?ID=15"">Sword</a></u>"
"<u><a href=""Weapons.aspx?ID=60"">Spiked Chain</a></u>","<img alt=""PFS Standard"" title=""PFS Standard"" style=""height:18px; padding:2px 10px 0px 2px"" src=""Images\Icons\PFS_Standard.png"">","Melee","Martial","<u><a href=""Sources.aspx?ID=1"" title=""Core Rulebook"">Core Rulebook</a></u>","<u><a href=""Traits.aspx?ID=159"">Uncommon</a></u>","<u><a href=""Traits.aspx?ID=175"">Disarm</a></u>, <u><a href=""Traits.aspx?ID=179"">Finesse</a></u>, <u><a href=""Traits.aspx?ID=196"">Trip</a></u>","—","3 gp","1d8 S","2","—","—","1","<u><a href=""WeaponGroups.aspx?ID=7"">Flail</a></u>"
"<u><a href=""Weapons.aspx?ID=44"">Starknife</a></u>","<img alt=""PFS Standard"" title=""PFS Standard"" style=""height:18px; padding:2px 10px 0px 2px"" src=""Images\Icons\PFS_Standard.png"">","Melee","Martial","<u><a href=""Sources.aspx?ID=1"" title=""Core Rulebook"">Core Rulebook</a></u>","<u><a href=""Traits.aspx?ID=28"">Common</a></u>","<u><a href=""Traits.aspx?ID=170"">Agile</a></u>, <u><a href=""Traits.aspx?ID=174"">Deadly d6</a></u>, <u><a href=""Traits.aspx?ID=179"">Finesse</a></u>, <u><a href=""Traits.aspx?ID=195"">Thrown 20 ft.</a></u>, <u><a href=""Traits.aspx?ID=200"">Versatile S</a></u>","—","2 gp","1d4 P","1","—","—","L","<u><a href=""WeaponGroups.aspx?ID=9"">Knife</a></u>"
"<u><a href=""Weapons.aspx?ID=127"">Sword Cane</a></u>","<img alt=""PFS Standard"" title=""PFS Standard"" style=""height:18px; padding:2px 10px 0px 2px"" src=""Images\Icons\PFS_Standard.png"">","Melee","Martial","<u><a href=""Sources.aspx?ID=39"" title=""Advanced Player's Guide"">Advanced Player's Guide</a></u>","<u><a href=""Traits.aspx?ID=28"">Common</a></u>","<u><a href=""Traits.aspx?ID=170"">Agile</a></u>, <u><a href=""Traits.aspx?ID=327"">Concealable</a></u>, <u><a href=""Traits.aspx?ID=179"">Finesse</a></u>","—","5 gp","1d6 P","1","—","—","1","<u><a href=""WeaponGroups.aspx?ID=15"">Sword</a></u>"
"<u><a href=""Weapons.aspx?ID=101"">Tekko-kagi</a></u>","<img alt=""PFS Standard"" title=""PFS Standard"" style=""height:18px; padding:2px 10px 0px 2px"" src=""Images\Icons\PFS_Standard.png"">","Melee","Martial","<u><a href=""Sources.aspx?ID=17"" title=""Gods & Magic"">Gods & Magic</a></u>","<u><a href=""Traits.aspx?ID=159"">Uncommon</a></u>","<u><a href=""Traits.aspx?ID=170"">Agile</a></u>, <u><a href=""Traits.aspx?ID=175"">Disarm</a></u>, <u><a href=""Traits.aspx?ID=179"">Finesse</a></u>, <u><a href=""Traits.aspx?ID=190"">Parry</a></u>, <u><a href=""Traits.aspx?ID=196"">Trip</a></u>","—","2 sp","1d4 S","1","—","—","L","<u><a href=""WeaponGroups.aspx?ID=4"">Brawling</a></u>"
"<u><a href=""Weapons.aspx?ID=61"">Temple Sword</a></u>","<img alt=""PFS Standard"" title=""PFS Standard"" style=""height:18px; padding:2px 10px 0px 2px"" src=""Images\Icons\PFS_Standard.png"">","Melee","Martial","<u><a href=""Sources.aspx?ID=1"" title=""Core Rulebook"">Core Rulebook</a></u>","<u><a href=""Traits.aspx?ID=159"">Uncommon</a></u>","<u><a href=""Traits.aspx?ID=112"">Monk</a></u>, <u><a href=""Traits.aspx?ID=196"">Trip</a></u>","—","2 gp","1d8 S","1","—","—","1","<u><a href=""WeaponGroups.aspx?ID=15"">Sword</a></u>"
"<u><a href=""Weapons.aspx?ID=128"">Tengu Gale Blade</a></u>","<img alt=""PFS Standard"" title=""PFS Standard"" style=""height:18px; padding:2px 10px 0px 2px"" src=""Images\Icons\PFS_Standard.png"">","Melee","Martial","<u><a href=""Sources.aspx?ID=39"" title=""Advanced Player's Guide"">Advanced Player's Guide</a></u>","<u><a href=""Traits.aspx?ID=159"">Uncommon</a></u>","<u><a href=""Traits.aspx?ID=170"">Agile</a></u>, <u><a href=""Traits.aspx?ID=175"">Disarm</a></u>, <u><a href=""Traits.aspx?ID=179"">Finesse</a></u>, <u><a href=""Traits.aspx?ID=240"">Tengu</a></u>","—","4 gp","1d6 S","1","—","—","L","<u><a href=""WeaponGroups.aspx?ID=15"">Sword</a></u>"
"<u><a href=""Weapons.aspx?ID=45"">Trident</a></u>","<img alt=""PFS Standard"" title=""PFS Standard"" style=""height:18px; padding:2px 10px 0px 2px"" src=""Images\Icons\PFS_Standard.png"">","Melee","Martial","<u><a href=""Sources.aspx?ID=1"" title=""Core Rulebook"">Core Rulebook</a></u>","<u><a href=""Traits.aspx?ID=28"">Common</a></u>","<u><a href=""Traits.aspx?ID=195"">Thrown 20 ft.</a></u>","—","1 gp","1d8 P","1","—","—","1","<u><a href=""WeaponGroups.aspx?ID=14"">Spear</a></u>"
"<u><a href=""Weapons.aspx?ID=102"">Urumi</a></u>","<img alt=""PFS Standard"" title=""PFS Standard"" style=""height:18px; padding:2px 10px 0px 2px"" src=""Images\Icons\PFS_Standard.png"">","Melee","Martial","<u><a href=""Sources.aspx?ID=17"" title=""Gods & Magic"">Gods & Magic</a></u>","<u><a href=""Traits.aspx?ID=159"">Uncommon</a></u>","<u><a href=""Traits.aspx?ID=174"">Deadly d10</a></u>, <u><a href=""Traits.aspx?ID=194"">Sweep</a></u>","—","2 gp","1d6 S","1","—","—","2","<u><a href=""WeaponGroups.aspx?ID=7"">Flail</a></u>"
"<u><a href=""Weapons.aspx?ID=129"">Wakizashi</a></u>","<img alt=""PFS Standard"" title=""PFS Standard"" style=""height:18px; padding:2px 10px 0px 2px"" src=""Images\Icons\PFS_Standard.png"">","Melee","Martial","<u><a href=""Sources.aspx?ID=39"" title=""Advanced Player's Guide"">Advanced Player's Guide</a></u>","<u><a href=""Traits.aspx?ID=159"">Uncommon</a></u>","<u><a href=""Traits.aspx?ID=170"">Agile</a></u>, <u><a href=""Traits.aspx?ID=174"">Deadly d8</a></u>, <u><a href=""Traits.aspx?ID=179"">Finesse</a></u>, <u><a href=""Traits.aspx?ID=200"">Versatile P</a></u>","—","1 gp","1d4 S","1","—","—","L","<u><a href=""WeaponGroups.aspx?ID=15"">Sword</a></u>"
"<u><a href=""Weapons.aspx?ID=46"">War Flail</a></u>","<img alt=""PFS Standard"" title=""PFS Standard"" style=""height:18px; padding:2px 10px 0px 2px"" src=""Images\Icons\PFS_Standard.png"">","Melee","Martial","<u><a href=""Sources.aspx?ID=1"" title=""Core Rulebook"">Core Rulebook</a></u>","<u><a href=""Traits.aspx?ID=28"">Common</a></u>","<u><a href=""Traits.aspx?ID=175"">Disarm</a></u>, <u><a href=""Traits.aspx?ID=194"">Sweep</a></u>, <u><a href=""Traits.aspx?ID=196"">Trip</a></u>","—","2 gp","1d10 B","2","—","—","2","<u><a href=""WeaponGroups.aspx?ID=7"">Flail</a></u>"
"<u><a href=""Weapons.aspx?ID=103"">War Razor</a></u>","<img alt=""PFS Standard"" title=""PFS Standard"" style=""height:18px; padding:2px 10px 0px 2px"" src=""Images\Icons\PFS_Standard.png"">","Melee","Martial","<u><a href=""Sources.aspx?ID=17"" title=""Gods & Magic"">Gods & Magic</a></u>","<u><a href=""Traits.aspx?ID=28"">Common</a></u>","<u><a href=""Traits.aspx?ID=170"">Agile</a></u>, <u><a href=""Traits.aspx?ID=172"">Backstabber</a></u>, <u><a href=""Traits.aspx?ID=174"">Deadly d8</a></u>, <u><a href=""Traits.aspx?ID=179"">Finesse</a></u>","—","3 sp","1d4 S","1","—","—","L","<u><a href=""WeaponGroups.aspx?ID=9"">Knife</a></u>"
"<u><a href=""Weapons.aspx?ID=47"">Warhammer</a></u>","<img alt=""PFS Standard"" title=""PFS Standard"" style=""height:18px; padding:2px 10px 0px 2px"" src=""Images\Icons\PFS_Standard.png"">","Melee","Martial","<u><a href=""Sources.aspx?ID=1"" title=""Core Rulebook"">Core Rulebook</a></u>","<u><a href=""Traits.aspx?ID=28"">Common</a></u>","<u><a href=""Traits.aspx?ID=193"">Shove</a></u>","—","1 gp","1d8 B","1","—","—","1","<u><a href=""WeaponGroups.aspx?ID=8"">Hammer</a></u>"
"<u><a href=""Weapons.aspx?ID=48"">Whip</a></u>","<img alt=""PFS Standard"" title=""PFS Standard"" style=""height:18px; padding:2px 10px 0px 2px"" src=""Images\Icons\PFS_Standard.png"">","Melee","Martial","<u><a href=""Sources.aspx?ID=1"" title=""Core Rulebook"">Core Rulebook</a></u>","<u><a href=""Traits.aspx?ID=28"">Common</a></u>","<u><a href=""Traits.aspx?ID=175"">Disarm</a></u>, <u><a href=""Traits.aspx?ID=179"">Finesse</a></u>, <u><a href=""Traits.aspx?ID=188"">Nonlethal</a></u>, <u><a href=""Traits.aspx?ID=192"">Reach</a></u>, <u><a href=""Traits.aspx?ID=196"">Trip</a></u>","—","1 sp","1d4 S","1","—","—","1","<u><a href=""WeaponGroups.aspx?ID=7"">Flail</a></u>"
"<u><a href=""Weapons.aspx?ID=150"">Wish Blade</a></u>","<img alt=""PFS Standard"" title=""PFS Standard"" style=""height:18px; padding:2px 10px 0px 2px"" src=""Images\Icons\PFS_Standard.png"">","Melee","Martial","<u><a href=""Sources.aspx?ID=74"" title=""Ancestry Guide"">Ancestry Guide</a></u>","<u><a href=""Traits.aspx?ID=159"">Uncommon</a></u>","<u><a href=""Traits.aspx?ID=175"">Disarm</a></u>, <u><a href=""Traits.aspx?ID=340"">Geniekin</a></u>, <u><a href=""Traits.aspx?ID=345"">Resonant</a></u>, <u><a href=""Traits.aspx?ID=198"">Two-Hand 1d10</a></u>","—","5 gp","1d6 S","1","—","—","1","<u><a href=""WeaponGroups.aspx?ID=15"">Sword</a></u>"
"<u><a href=""Weapons.aspx?ID=151"">Wish Knife</a></u>","<img alt=""PFS Standard"" title=""PFS Standard"" style=""height:18px; padding:2px 10px 0px 2px"" src=""Images\Icons\PFS_Standard.png"">","Melee","Martial","<u><a href=""Sources.aspx?ID=74"" title=""Ancestry Guide"">Ancestry Guide</a></u>","<u><a href=""Traits.aspx?ID=159"">Uncommon</a></u>","<u><a href=""Traits.aspx?ID=170"">Agile</a></u>, <u><a href=""Traits.aspx?ID=175"">Disarm</a></u>, <u><a href=""Traits.aspx?ID=179"">Finesse</a></u>, <u><a href=""Traits.aspx?ID=340"">Geniekin</a></u>, <u><a href=""Traits.aspx?ID=345"">Resonant</a></u>, <u><a href=""Traits.aspx?ID=200"">Versatile P</a></u>","—","2 gp","1d4 P","1","—","—","L","<u><a href=""WeaponGroups.aspx?ID=9"">Knife</a></u>"
"<u><a href=""Weapons.aspx?ID=85"">Aklys</a></u>","<img alt=""PFS Standard"" title=""PFS Standard"" style=""height:18px; padding:2px 10px 0px 2px"" src=""Images\Icons\PFS_Standard.png"">","Melee","Advanced","<u><a href=""Sources.aspx?ID=2"" title=""Bestiary"">Bestiary</a></u>","<u><a href=""Traits.aspx?ID=159"">Uncommon</a></u>","<u><a href=""Traits.aspx?ID=251"">Ranged Trip</a></u>, <u><a href=""Traits.aspx?ID=252"">Tethered</a></u>, <u><a href=""Traits.aspx?ID=195"">Thrown 20 feet</a></u>, <u><a href=""Traits.aspx?ID=196"">Trip</a></u>","—","5 gp","1d6 B","1","—","—","1","<u><a href=""WeaponGroups.aspx?ID=5"">Club</a></u>"
"<u><a href=""Weapons.aspx?ID=88"">Aldori Dueling Sword</a></u>","<img alt=""PFS Standard"" title=""PFS Standard"" style=""height:18px; padding:2px 10px 0px 2px"" src=""Images\Icons\PFS_Standard.png"">","Melee","Advanced","<u><a href=""Sources.aspx?ID=6"" title=""World Guide"">World Guide</a></u>","<u><a href=""Traits.aspx?ID=159"">Uncommon</a></u>","<u><a href=""Traits.aspx?ID=179"">Finesse</a></u>, <u><a href=""Traits.aspx?ID=200"">Versatile P</a></u>","1","2 gp","1d8 S","1","—","—","1","<u><a href=""WeaponGroups.aspx?ID=15"">Sword</a></u>"
"<u><a href=""Weapons.aspx?ID=115"">Bladed Diabolo</a></u>","<img alt=""PFS Limited"" title=""PFS Limited"" style=""height:18px; padding:2px 10px 0px 2px"" src=""Images\Icons\PFS_Limited.png"">","Melee","Advanced","<u><a href=""Sources.aspx?ID=21"" title=""Pathfinder #151: The Show Must Go On"">Pathfinder #151</a></u>","<u><a href=""Traits.aspx?ID=159"">Uncommon</a></u>","<u><a href=""Traits.aspx?ID=173"">Backswing</a></u>, <u><a href=""Traits.aspx?ID=175"">Disarm</a></u>, <u><a href=""Traits.aspx?ID=179"">Finesse</a></u>, <u><a href=""Traits.aspx?ID=195"">Thrown 40 ft.</a></u>, <u><a href=""Traits.aspx?ID=196"">Trip</a></u>","—","2 gp","1d4 S","2","—","—","L","<u><a href=""WeaponGroups.aspx?ID=7"">Flail</a></u>"
"<u><a href=""Weapons.aspx?ID=116"">Bladed Hoop</a></u>","<img alt=""PFS Limited"" title=""PFS Limited"" style=""height:18px; padding:2px 10px 0px 2px"" src=""Images\Icons\PFS_Limited.png"">","Melee","Advanced","<u><a href=""Sources.aspx?ID=21"" title=""Pathfinder #151: The Show Must Go On"">Pathfinder #151</a></u>","<u><a href=""Traits.aspx?ID=159"">Uncommon</a></u>","<u><a href=""Traits.aspx?ID=179"">Finesse</a></u>, <u><a href=""Traits.aspx?ID=194"">Sweep</a></u>, <u><a href=""Traits.aspx?ID=198"">Two-Hand 1d8</a></u>","—","2 gp, 5 sp","1d6 S","0+","—","—","1","<u><a href=""WeaponGroups.aspx?ID=9"">Knife</a></u>"
"<u><a href=""Weapons.aspx?ID=162"">Butterfly Sword</a></u>","<img alt=""PFS Limited"" title=""PFS Limited"" style=""height:18px; padding:2px 10px 0px 2px"" src=""Images\Icons\PFS_Limited.png"">","Melee","Advanced","<u><a href=""Sources.aspx?ID=85"" title=""Pathfinder #166: Despair on Danger Island"">Pathfinder #166</a></u>","<u><a href=""Traits.aspx?ID=159"">Uncommon</a></u>","<u><a href=""Traits.aspx?ID=170"">Agile</a></u>, <u><a href=""Traits.aspx?ID=175"">Disarm</a></u>, <u><a href=""Traits.aspx?ID=179"">Finesse</a></u>, <u><a href=""Traits.aspx?ID=112"">Monk</a></u>, <u><a href=""Traits.aspx?ID=190"">Parry</a></u>, <u><a href=""Traits.aspx?ID=197"">Twin</a></u>","—","2 gp","1d4 S","1","—","—","L","<u><a href=""WeaponGroups.aspx?ID=15"">Sword</a></u>"
"<u><a href=""Weapons.aspx?ID=62"">Dwarven War Axe</a></u>","<img alt=""PFS Standard"" title=""PFS Standard"" style=""height:18px; padding:2px 10px 0px 2px"" src=""Images\Icons\PFS_Standard.png"">","Melee","Advanced","<u><a href=""Sources.aspx?ID=1"" title=""Core Rulebook"">Core Rulebook</a></u>","<u><a href=""Traits.aspx?ID=159"">Uncommon</a></u>","<u><a href=""Traits.aspx?ID=54"">Dwarf</a></u>, <u><a href=""Traits.aspx?ID=194"">Sweep</a></u>, <u><a href=""Traits.aspx?ID=198"">Two-Hand 1d12</a></u>","—","3 gp","1d8 S","1","—","—","2","<u><a href=""WeaponGroups.aspx?ID=1"">Axe</a></u>"
"<u><a href=""Weapons.aspx?ID=117"">Fire Poi</a></u>","<img alt=""PFS Limited"" title=""PFS Limited"" style=""height:18px; padding:2px 10px 0px 2px"" src=""Images\Icons\PFS_Limited.png"">","Melee","Advanced","<u><a href=""Sources.aspx?ID=21"" title=""Pathfinder #151: The Show Must Go On"">Pathfinder #151</a></u>","<u><a href=""Traits.aspx?ID=159"">Uncommon</a></u>","<u><a href=""Traits.aspx?ID=170"">Agile</a></u>, <u><a href=""Traits.aspx?ID=173"">Backswing</a></u>, <u><a href=""Traits.aspx?ID=179"">Finesse</a></u>, <u><a href=""Traits.aspx?ID=197"">Twin</a></u>","—","5 gp","1d4 B + 1d4 F","1","—","—","L","<u><a href=""WeaponGroups.aspx?ID=7"">Flail</a></u>"
"<u><a href=""Weapons.aspx?ID=63"">Gnome Flickmace</a></u>","<img alt=""PFS Standard"" title=""PFS Standard"" style=""height:18px; padding:2px 10px 0px 2px"" src=""Images\Icons\PFS_Standard.png"">","Melee","Advanced","<u><a href=""Sources.aspx?ID=1"" title=""Core Rulebook"">Core Rulebook</a></u>","<u><a href=""Traits.aspx?ID=159"">Uncommon</a></u>","<u><a href=""Traits.aspx?ID=80"">Gnome</a></u>, <u><a href=""Traits.aspx?ID=192"">Reach</a></u>","—","3 gp","1d8 B","1","—","—","2","<u><a href=""WeaponGroups.aspx?ID=7"">Flail</a></u>"
"<u><a href=""Weapons.aspx?ID=163"">Hook Sword</a></u>","<img alt=""PFS Limited"" title=""PFS Limited"" style=""height:18px; padding:2px 10px 0px 2px"" src=""Images\Icons\PFS_Limited.png"">","Melee","Advanced","<u><a href=""Sources.aspx?ID=85"" title=""Pathfinder #166: Despair on Danger Island"">Pathfinder #166</a></u>","<u><a href=""Traits.aspx?ID=159"">Uncommon</a></u>","<u><a href=""Traits.aspx?ID=175"">Disarm</a></u>, <u><a href=""Traits.aspx?ID=112"">Monk</a></u>, <u><a href=""Traits.aspx?ID=190"">Parry</a></u>, <u><a href=""Traits.aspx?ID=196"">Trip</a></u>, <u><a href=""Traits.aspx?ID=197"">Twin</a></u>","—","3 gp","1d6 S","1","—","—","1","<u><a href=""WeaponGroups.aspx?ID=15"">Sword</a></u>"
"<u><a href=""Weapons.aspx?ID=164"">Karambit</a></u>","<img alt=""PFS Limited"" title=""PFS Limited"" style=""height:18px; padding:2px 10px 0px 2px"" src=""Images\Icons\PFS_Limited.png"">","Melee","Advanced","<u><a href=""Sources.aspx?ID=85"" title=""Pathfinder #166: Despair on Danger Island"">Pathfinder #166</a></u>","<u><a href=""Traits.aspx?ID=159"">Uncommon</a></u>","<u><a href=""Traits.aspx?ID=170"">Agile</a></u>, <u><a href=""Traits.aspx?ID=178"">Fatal d8</a></u>, <u><a href=""Traits.aspx?ID=179"">Finesse</a></u>, <u><a href=""Traits.aspx?ID=200"">Versatile S</a></u>","—","2 gp","1d4 P","1","—","—","L","<u><a href=""WeaponGroups.aspx?ID=9"">Knife</a></u>"
"<u><a href=""Weapons.aspx?ID=64"">Orc Necksplitter</a></u>","<img alt=""PFS Standard"" title=""PFS Standard"" style=""height:18px; padding:2px 10px 0px 2px"" src=""Images\Icons\PFS_Standard.png"">","Melee","Advanced","<u><a href=""Sources.aspx?ID=1"" title=""Core Rulebook"">Core Rulebook</a></u>","<u><a href=""Traits.aspx?ID=159"">Uncommon</a></u>","<u><a href=""Traits.aspx?ID=180"">Forceful</a></u>, <u><a href=""Traits.aspx?ID=124"">Orc</a></u>, <u><a href=""Traits.aspx?ID=194"">Sweep</a></u>","—","2 gp","1d8 S","1","—","—","1","<u><a href=""WeaponGroups.aspx?ID=1"">Axe</a></u>"
"<u><a href=""Weapons.aspx?ID=158"">Rhoka Sword</a></u>","<img alt=""PFS Limited"" title=""PFS Limited"" style=""height:18px; padding:2px 10px 0px 2px"" src=""Images\Icons\PFS_Limited.png"">","Melee","Advanced","<u><a href=""Sources.aspx?ID=81"" title=""Pathfinder #165: Eyes of Empty Death"">Pathfinder #165</a></u>","<u><a href=""Traits.aspx?ID=159"">Uncommon</a></u>","<u><a href=""Traits.aspx?ID=174"">Deadly d8</a></u>, <u><a href=""Traits.aspx?ID=198"">Two-Hand 1d10</a></u>","—","4 gp","1d8 S","1","—","—","2","<u><a href=""WeaponGroups.aspx?ID=15"">Sword</a></u>"
"<u><a href=""Weapons.aspx?ID=65"">Sawtooth Saber</a></u>","<img alt=""PFS Standard"" title=""PFS Standard"" style=""height:18px; padding:2px 10px 0px 2px"" src=""Images\Icons\PFS_Standard.png"">","Melee","Advanced","<u><a href=""Sources.aspx?ID=1"" title=""Core Rulebook"">Core Rulebook</a></u>","<u><a href=""Traits.aspx?ID=159"">Uncommon</a></u>","<u><a href=""Traits.aspx?ID=170"">Agile</a></u>, <u><a href=""Traits.aspx?ID=179"">Finesse</a></u>, <u><a href=""Traits.aspx?ID=197"">Twin</a></u>","—","5 gp","1d6 S","1","—","—","L","<u><a href=""WeaponGroups.aspx?ID=15"">Sword</a></u>"
"<u><a href=""Weapons.aspx?ID=159"">Shauth Lash</a></u>","<img alt=""PFS Limited"" title=""PFS Limited"" style=""height:18px; padding:2px 10px 0px 2px"" src=""Images\Icons\PFS_Limited.png"">","Melee","Advanced","<u><a href=""Sources.aspx?ID=81"" title=""Pathfinder #165: Eyes of Empty Death"">Pathfinder #165</a></u>","<u><a href=""Traits.aspx?ID=159"">Uncommon</a></u>","<u><a href=""Traits.aspx?ID=174"">Deadly d10</a></u>, <u><a href=""Traits.aspx?ID=179"">Finesse</a></u>, <u><a href=""Traits.aspx?ID=196"">Trip</a></u>","—","8 gp","1d6 S","2","—","—","1","<u><a href=""WeaponGroups.aspx?ID=7"">Flail</a></u>"
"<u><a href=""Weapons.aspx?ID=154"">Tamchal Chakram</a></u>","<img alt=""PFS Limited"" title=""PFS Limited"" style=""height:18px; padding:2px 10px 0px 2px"" src=""Images\Icons\PFS_Limited.png"">","Melee","Advanced","<u><a href=""Sources.aspx?ID=75"" title=""Pathfinder #164: Hands of the Devil"">Pathfinder #164</a></u>","<u><a href=""Traits.aspx?ID=159"">Uncommon</a></u>","<u><a href=""Traits.aspx?ID=170"">Agile</a></u>, <u><a href=""Traits.aspx?ID=174"">Deadly d6</a></u>, <u><a href=""Traits.aspx?ID=179"">Finesse</a></u>, <u><a href=""Traits.aspx?ID=195"">Thrown 20 feet</a></u>","—","5 gp","1d6 S","1","—","—","L","<u><a href=""WeaponGroups.aspx?ID=6"">Dart</a></u>"
"<u><a href=""Weapons.aspx?ID=148"">Tricky Pick</a></u>","<img alt=""PFS Standard"" title=""PFS Standard"" style=""height:18px; padding:2px 10px 0px 2px"" src=""Images\Icons\PFS_Standard.png"">","Melee","Advanced","<u><a href=""Sources.aspx?ID=74"" title=""Ancestry Guide"">Ancestry Guide</a></u>","<u><a href=""Traits.aspx?ID=159"">Uncommon</a></u>","<u><a href=""Traits.aspx?ID=172"">Backstabber</a></u>, <u><a href=""Traits.aspx?ID=178"">Fatal 1d10</a></u>, <u><a href=""Traits.aspx?ID=224"">Kobold</a></u>, <u><a href=""Traits.aspx?ID=271"">Modular (B, P, or S)</a></u>","—","10 gp","1d6 modular","1","—","—","1","<u><a href=""WeaponGroups.aspx?ID=10"">Pick</a></u>"
"<u><a href=""Weapons.aspx?ID=149"">Whip Claw</a></u>","<img alt=""PFS Standard"" title=""PFS Standard"" style=""height:18px; padding:2px 10px 0px 2px"" src=""Images\Icons\PFS_Standard.png"">","Melee","Advanced","<u><a href=""Sources.aspx?ID=74"" title=""Ancestry Guide"">Ancestry Guide</a></u>","<u><a href=""Traits.aspx?ID=159"">Uncommon</a></u>","<u><a href=""Traits.aspx?ID=211"">Catfolk</a></u>, <u><a href=""Traits.aspx?ID=179"">Finesse</a></u>, <u><a href=""Traits.aspx?ID=344"">Hampering</a></u>, <u><a href=""Traits.aspx?ID=192"">Reach</a></u>","—","5 gp","1d6 S","2","—","—","1","<u><a href=""WeaponGroups.aspx?ID=7"">Flail</a></u>"
"<u><a href=""Weapons.aspx?ID=167"">Wind and Fire Wheel</a></u>","—","Melee","Advanced","<u><a href=""Sources.aspx?ID=85"" title=""Pathfinder #166: Despair on Danger Island"">Pathfinder #166</a></u>","<u><a href=""Traits.aspx?ID=159"">Uncommon</a></u>","<u><a href=""Traits.aspx?ID=170"">Agile</a></u>, <u><a href=""Traits.aspx?ID=175"">Disarm</a></u>, <u><a href=""Traits.aspx?ID=179"">Finesse</a></u>, <u><a href=""Traits.aspx?ID=112"">Monk</a></u>, <u><a href=""Traits.aspx?ID=190"">Parry</a></u>, <u><a href=""Traits.aspx?ID=197"">Twin</a></u>, <u><a href=""Traits.aspx?ID=200"">Versatile P</a></u>","—","2 gp","1d6 S","1","—","—","L","<u><a href=""WeaponGroups.aspx?ID=9"">Knife</a></u>"
"<u><a href=""Weapons.aspx?ID=118"">Alchemical Crossbow</a></u>","<img alt=""PFS Limited"" title=""PFS Limited"" style=""height:18px; padding:2px 10px 0px 2px"" src=""Images\Icons\PFS_Limited.png"">","Ranged","Simple","<u><a href=""Sources.aspx?ID=3"" title=""The Fall of Plaguestone"">The Fall of Plaguestone</a></u>","<u><a href=""Traits.aspx?ID=159"">Uncommon</a></u>","<u><a href=""Traits.aspx?ID=6"">Alchemical</a></u>","—","25 gp","1d8 P","2","30 ft.","1","1","<u><a href=""WeaponGroups.aspx?ID=3"">Bow</a></u>"
"<u><a href=""Weapons.aspx?ID=66"">Blowgun</a></u>","<img alt=""PFS Standard"" title=""PFS Standard"" style=""height:18px; padding:2px 10px 0px 2px"" src=""Images\Icons\PFS_Standard.png"">","Ranged","Simple","<u><a href=""Sources.aspx?ID=1"" title=""Core Rulebook"">Core Rulebook</a></u>","<u><a href=""Traits.aspx?ID=28"">Common</a></u>","<u><a href=""Traits.aspx?ID=170"">Agile</a></u>, <u><a href=""Traits.aspx?ID=188"">Nonlethal</a></u>","—","1 sp","1 P","1","20 ft.","1","L","<u><a href=""WeaponGroups.aspx?ID=6"">Dart</a></u>"
"<u><a href=""Weapons.aspx?ID=67"">Crossbow</a></u>","<img alt=""PFS Standard"" title=""PFS Standard"" style=""height:18px; padding:2px 10px 0px 2px"" src=""Images\Icons\PFS_Standard.png"">","Ranged","Simple","<u><a href=""Sources.aspx?ID=1"" title=""Core Rulebook"">Core Rulebook</a></u>","<u><a href=""Traits.aspx?ID=28"">Common</a></u>","—","—","3 gp","1d8 P","2","120 ft.","1","1","<u><a href=""WeaponGroups.aspx?ID=3"">Bow</a></u>"
"<u><a href=""Weapons.aspx?ID=68"">Dart</a></u>","<img alt=""PFS Standard"" title=""PFS Standard"" style=""height:18px; padding:2px 10px 0px 2px"" src=""Images\Icons\PFS_Standard.png"">","Ranged","Simple","<u><a href=""Sources.aspx?ID=1"" title=""Core Rulebook"">Core Rulebook</a></u>","<u><a href=""Traits.aspx?ID=28"">Common</a></u>","<u><a href=""Traits.aspx?ID=170"">Agile</a></u>, <u><a href=""Traits.aspx?ID=195"">Thrown</a></u>","—","1 cp","1d4 P","1","20 ft.","—","L","<u><a href=""WeaponGroups.aspx?ID=6"">Dart</a></u>"
"<u><a href=""Weapons.aspx?ID=69"">Hand Crossbow</a></u>","<img alt=""PFS Standard"" title=""PFS Standard"" style=""height:18px; padding:2px 10px 0px 2px"" src=""Images\Icons\PFS_Standard.png"">","Ranged","Simple","<u><a href=""Sources.aspx?ID=1"" title=""Core Rulebook"">Core Rulebook</a></u>","<u><a href=""Traits.aspx?ID=28"">Common</a></u>","—","—","3 gp","1d6 P","1","60 ft.","1","L","<u><a href=""WeaponGroups.aspx?ID=3"">Bow</a></u>"
"<u><a href=""Weapons.aspx?ID=70"">Heavy Crossbow</a></u>","<img alt=""PFS Standard"" title=""PFS Standard"" style=""height:18px; padding:2px 10px 0px 2px"" src=""Images\Icons\PFS_Standard.png"">","Ranged","Simple","<u><a href=""Sources.aspx?ID=1"" title=""Core Rulebook"">Core Rulebook</a></u>","<u><a href=""Traits.aspx?ID=28"">Common</a></u>","—","—","4 gp","1d10 P","2","120 ft.","2","2","<u><a href=""WeaponGroups.aspx?ID=3"">Bow</a></u>"
"<u><a href=""Weapons.aspx?ID=71"">Javelin</a></u>","<img alt=""PFS Standard"" title=""PFS Standard"" style=""height:18px; padding:2px 10px 0px 2px"" src=""Images\Icons\PFS_Standard.png"">","Ranged","Simple","<u><a href=""Sources.aspx?ID=1"" title=""Core Rulebook"">Core Rulebook</a></u>","<u><a href=""Traits.aspx?ID=28"">Common</a></u>","<u><a href=""Traits.aspx?ID=195"">Thrown</a></u>","—","1 sp","1d6 P","1","30 ft.","—","L","<u><a href=""WeaponGroups.aspx?ID=6"">Dart</a></u>"
"<u><a href=""Weapons.aspx?ID=72"">Sling</a></u>","<img alt=""PFS Standard"" title=""PFS Standard"" style=""height:18px; padding:2px 10px 0px 2px"" src=""Images\Icons\PFS_Standard.png"">","Ranged","Simple","<u><a href=""Sources.aspx?ID=1"" title=""Core Rulebook"">Core Rulebook</a></u>","<u><a href=""Traits.aspx?ID=28"">Common</a></u>","<u><a href=""Traits.aspx?ID=191"">Propulsive</a></u>","—","—","1d6 B","1","50 ft.","1","L","<u><a href=""WeaponGroups.aspx?ID=13"">Sling</a></u>"
"<u><a href=""Weapons.aspx?ID=73"">Alchemical Bomb</a></u>","<img alt=""PFS Standard"" title=""PFS Standard"" style=""height:18px; padding:2px 10px 0px 2px"" src=""Images\Icons\PFS_Standard.png"">","Ranged","Martial","<u><a href=""Sources.aspx?ID=1"" title=""Core Rulebook"">Core Rulebook</a></u>","<u><a href=""Traits.aspx?ID=28"">Common</a></u>","—","—","—"," Varies","1","20 ft.","—","L","<u><a href=""WeaponGroups.aspx?ID=2"">Bomb</a></u>"
"<u><a href=""Weapons.aspx?ID=123"">Bola</a></u>","<img alt=""PFS Standard"" title=""PFS Standard"" style=""height:18px; padding:2px 10px 0px 2px"" src=""Images\Icons\PFS_Standard.png"">","Ranged","Martial","<u><a href=""Sources.aspx?ID=39"" title=""Advanced Player's Guide"">Advanced Player's Guide</a></u>","<u><a href=""Traits.aspx?ID=28"">Common</a></u>","<u><a href=""Traits.aspx?ID=188"">Nonlethal</a></u>, <u><a href=""Traits.aspx?ID=251"">Ranged Trip</a></u>, <u><a href=""Traits.aspx?ID=195"">Thrown</a></u>","—","5 sp","1d6 B","1","20 ft.","—","L","<u><a href=""WeaponGroups.aspx?ID=13"">Sling</a></u>"
"<u><a href=""Weapons.aspx?ID=74"">Composite Longbow</a></u>","<img alt=""PFS Standard"" title=""PFS Standard"" style=""height:18px; padding:2px 10px 0px 2px"" src=""Images\Icons\PFS_Standard.png"">","Ranged","Martial","<u><a href=""Sources.aspx?ID=1"" title=""Core Rulebook"">Core Rulebook</a></u>","<u><a href=""Traits.aspx?ID=28"">Common</a></u>","<u><a href=""Traits.aspx?ID=174"">Deadly d10</a></u>, <u><a href=""Traits.aspx?ID=191"">Propulsive</a></u>, <u><a href=""Traits.aspx?ID=201"">Volley 30 ft.</a></u>","—","20 gp","1d8 P","1+","100 ft.","0","2","<u><a href=""WeaponGroups.aspx?ID=3"">Bow</a></u>"
"<u><a href=""Weapons.aspx?ID=75"">Composite Shortbow</a></u>","<img alt=""PFS Standard"" title=""PFS Standard"" style=""height:18px; padding:2px 10px 0px 2px"" src=""Images\Icons\PFS_Standard.png"">","Ranged","Martial","<u><a href=""Sources.aspx?ID=1"" title=""Core Rulebook"">Core Rulebook</a></u>","<u><a href=""Traits.aspx?ID=28"">Common</a></u>","<u><a href=""Traits.aspx?ID=174"">Deadly d10</a></u>, <u><a href=""Traits.aspx?ID=191"">Propulsive</a></u>","—","14 gp","1d6 P","1+","60 ft.","0","1","<u><a href=""WeaponGroups.aspx?ID=3"">Bow</a></u>"
"<u><a href=""Weapons.aspx?ID=78"">Halfling Sling Staff</a></u>","<img alt=""PFS Standard"" title=""PFS Standard"" style=""height:18px; padding:2px 10px 0px 2px"" src=""Images\Icons\PFS_Standard.png"">","Ranged","Martial","<u><a href=""Sources.aspx?ID=1"" title=""Core Rulebook"">Core Rulebook</a></u>","<u><a href=""Traits.aspx?ID=159"">Uncommon</a></u>","<u><a href=""Traits.aspx?ID=87"">Halfling</a></u>, <u><a href=""Traits.aspx?ID=191"">Propulsive</a></u>","—","5 gp","1d10 B","2","80 ft.","1","1","<u><a href=""WeaponGroups.aspx?ID=13"">Sling</a></u>"
"<u><a href=""Weapons.aspx?ID=76"">Longbow</a></u>","<img alt=""PFS Standard"" title=""PFS Standard"" style=""height:18px; padding:2px 10px 0px 2px"" src=""Images\Icons\PFS_Standard.png"">","Ranged","Martial","<u><a href=""Sources.aspx?ID=1"" title=""Core Rulebook"">Core Rulebook</a></u>","<u><a href=""Traits.aspx?ID=28"">Common</a></u>","<u><a href=""Traits.aspx?ID=174"">Deadly d10</a></u>, <u><a href=""Traits.aspx?ID=201"">Volley 30 ft.</a></u>","—","6 gp","1d8 P","1+","100 ft.","0","2","<u><a href=""WeaponGroups.aspx?ID=3"">Bow</a></u>"
"<u><a href=""Weapons.aspx?ID=77"">Shortbow</a></u>","<img alt=""PFS Standard"" title=""PFS Standard"" style=""height:18px; padding:2px 10px 0px 2px"" src=""Images\Icons\PFS_Standard.png"">","Ranged","Martial","<u><a href=""Sources.aspx?ID=1"" title=""Core Rulebook"">Core Rulebook</a></u>","<u><a href=""Traits.aspx?ID=28"">Common</a></u>","<u><a href=""Traits.aspx?ID=174"">Deadly d10</a></u>","—","3 gp","1d6 P","1+","60 ft.","0","1","<u><a href=""WeaponGroups.aspx?ID=3"">Bow</a></u>"
"<u><a href=""Weapons.aspx?ID=79"">Shuriken</a></u>","<img alt=""PFS Standard"" title=""PFS Standard"" style=""height:18px; padding:2px 10px 0px 2px"" src=""Images\Icons\PFS_Standard.png"">","Ranged","Martial","<u><a href=""Sources.aspx?ID=1"" title=""Core Rulebook"">Core Rulebook</a></u>","<u><a href=""Traits.aspx?ID=159"">Uncommon</a></u>","<u><a href=""Traits.aspx?ID=170"">Agile</a></u>, <u><a href=""Traits.aspx?ID=112"">Monk</a></u>, <u><a href=""Traits.aspx?ID=195"">Thrown</a></u>","—","1 cp","1d4 P","1","20 ft.","0","—","<u><a href=""WeaponGroups.aspx?ID=6"">Dart</a></u>"
"<u><a href=""Weapons.aspx?ID=147"">Thunder Sling</a></u>","<img alt=""PFS Standard"" title=""PFS Standard"" style=""height:18px; padding:2px 10px 0px 2px"" src=""Images\Icons\PFS_Standard.png"">","Ranged","Martial","<u><a href=""Sources.aspx?ID=74"" title=""Ancestry Guide"">Ancestry Guide</a></u>","<u><a href=""Traits.aspx?ID=159"">Uncommon</a></u>","<u><a href=""Traits.aspx?ID=170"">Agile</a></u>, <u><a href=""Traits.aspx?ID=191"">Propulsive</a></u>, <u><a href=""Traits.aspx?ID=240"">Tengu</a></u>","—","5 gp","1d6 P","1","50 ft.","1","L","<u><a href=""WeaponGroups.aspx?ID=13"">Sling</a></u>"
"<u><a href=""Weapons.aspx?ID=83"">Arrows</a></u>","<img alt=""PFS Standard"" title=""PFS Standard"" style=""height:18px; padding:2px 10px 0px 2px"" src=""Images\Icons\PFS_Standard.png"">","Ranged","Ammunition","<u><a href=""Sources.aspx?ID=1"" title=""Core Rulebook"">Core Rulebook</a></u>","<u><a href=""Traits.aspx?ID=28"">Common</a></u>","—","—","1 sp"," ","0","—","—","L","<u><a href=""WeaponGroups.aspx?ID=3"">Bow</a></u>"
"<u><a href=""Weapons.aspx?ID=80"">Blowgun Darts</a></u>","<img alt=""PFS Standard"" title=""PFS Standard"" style=""height:18px; padding:2px 10px 0px 2px"" src=""Images\Icons\PFS_Standard.png"">","Ranged","Ammunition","<u><a href=""Sources.aspx?ID=1"" title=""Core Rulebook"">Core Rulebook</a></u>","<u><a href=""Traits.aspx?ID=28"">Common</a></u>","—","—","5 cp"," ","0","—","—","L","<u><a href=""WeaponGroups.aspx?ID=6"">Dart</a></u>"
"<u><a href=""Weapons.aspx?ID=81"">Bolts</a></u>","<img alt=""PFS Standard"" title=""PFS Standard"" style=""height:18px; padding:2px 10px 0px 2px"" src=""Images\Icons\PFS_Standard.png"">","Ranged","Ammunition","<u><a href=""Sources.aspx?ID=1"" title=""Core Rulebook"">Core Rulebook</a></u>","<u><a href=""Traits.aspx?ID=28"">Common</a></u>","—","—","1 sp"," ","0","—","—","L","<u><a href=""WeaponGroups.aspx?ID=3"">Bow</a></u>"
"<u><a href=""Weapons.aspx?ID=161"">Magazine (Repeating Hand Crossbow)</a></u>","—","Ranged","Ammunition","<u><a href=""Sources.aspx?ID=81"" title=""Pathfinder #165: Eyes of Empty Death"">Pathfinder #165</a></u>","<u><a href=""Traits.aspx?ID=28"">Common</a></u>","—","—","9 sp"," ","0","—","—","—","<u><a href=""WeaponGroups.aspx?ID=3"">Bow</a></u>"
"<u><a href=""Weapons.aspx?ID=82"">Sling Bullets</a></u>","<img alt=""PFS Standard"" title=""PFS Standard"" style=""height:18px; padding:2px 10px 0px 2px"" src=""Images\Icons\PFS_Standard.png"">","Ranged","Ammunition","<u><a href=""Sources.aspx?ID=1"" title=""Core Rulebook"">Core Rulebook</a></u>","<u><a href=""Traits.aspx?ID=28"">Common</a></u>","—","—","1 cp"," ","0","—","—","L","<u><a href=""WeaponGroups.aspx?ID=13"">Sling</a></u>"
"<u><a href=""Weapons.aspx?ID=152"">Wooden Taws</a></u>","<img alt=""PFS Standard"" title=""PFS Standard"" style=""height:18px; padding:2px 10px 0px 2px"" src=""Images\Icons\PFS_Standard.png"">","Ranged","Ammunition","<u><a href=""Sources.aspx?ID=74"" title=""Ancestry Guide"">Ancestry Guide</a></u>","<u><a href=""Traits.aspx?ID=28"">Common</a></u>","—","—","1 sp"," ","0","—","—","L","<u><a href=""WeaponGroups.aspx?ID=3"">Bow</a></u>"
"<u><a href=""Weapons.aspx?ID=125"">Daikyu</a></u>","<img alt=""PFS Standard"" title=""PFS Standard"" style=""height:18px; padding:2px 10px 0px 2px"" src=""Images\Icons\PFS_Standard.png"">","Ranged","Advanced","<u><a href=""Sources.aspx?ID=39"" title=""Advanced Player's Guide"">Advanced Player's Guide</a></u>","<u><a href=""Traits.aspx?ID=159"">Uncommon</a></u>","—","—","8 gp","1d8 P","1+","80 ft.","—","2","<u><a href=""WeaponGroups.aspx?ID=3"">Bow</a></u>"
"<u><a href=""Weapons.aspx?ID=160"">Repeating Hand Crossbow</a></u>","<img alt=""PFS Limited"" title=""PFS Limited"" style=""height:18px; padding:2px 10px 0px 2px"" src=""Images\Icons\PFS_Limited.png"">","Ranged","Advanced","<u><a href=""Sources.aspx?ID=81"" title=""Pathfinder #165: Eyes of Empty Death"">Pathfinder #165</a></u>","<u><a href=""Traits.aspx?ID=159"">Uncommon</a></u>","<u><a href=""Traits.aspx?ID=374"">Repeating</a></u>","—","10 gp","1d6 P","1","60 ft.","0","L","<u><a href=""WeaponGroups.aspx?ID=3"">Bow</a></u>"
"<u><a href=""Weapons.aspx?ID=146"">Taw Launcher</a></u>","<img alt=""PFS Standard"" title=""PFS Standard"" style=""height:18px; padding:2px 10px 0px 2px"" src=""Images\Icons\PFS_Standard.png"">","Ranged","Advanced","<u><a href=""Sources.aspx?ID=74"" title=""Ancestry Guide"">Ancestry Guide</a></u>","<u><a href=""Traits.aspx?ID=159"">Uncommon</a></u>","<u><a href=""Traits.aspx?ID=174"">Deadly d10</a></u>, <u><a href=""Traits.aspx?ID=271"">Modular (B, P, or S)</a></u>","—","10 gp","1d10 modular","2","100 ft.","1","1","<u><a href=""WeaponGroups.aspx?ID=3"">Bow</a></u>"
