"Name","PFS","Source","Rarity","Traits","Category","Subcategory","Level","Price","Bulk","Spoilers?"
"<u><a href=""Equipment.aspx?ID=521"">Scrollstaff</a></u>","<img alt=""PFS Standard"" title=""PFS Standard"" style=""height:18px; padding:2px 10px 0px 2px"" src=""Images\Icons\PFS_Standard.png"">","<u><a href=""Sources.aspx?ID=12"" title=""Character Guide"">Character Guide</a></u>","<u><a href=""Traits.aspx?ID=159"">Uncommon</a></u>","<u><a href=""Traits.aspx?ID=103"">Magical</a></u>, <u><a href=""Traits.aspx?ID=157"">Transmutation</a></u>","<u><a href=""Equipment.aspx?Category=37"">Weapons</a></u>","<u><a href=""Equipment.aspx?Category=37&Subcategory=40"">Specific Magic Weapons</a></u>","1","12 gp","1","—"
"<u><a href=""Equipment.aspx?ID=385"">Fighter's Fork</a></u>","<img alt=""PFS Standard"" title=""PFS Standard"" style=""height:18px; padding:2px 10px 0px 2px"" src=""Images\Icons\PFS_Standard.png"">","<u><a href=""Sources.aspx?ID=1"" title=""Core Rulebook"">Core Rulebook</a></u>","<u><a href=""Traits.aspx?ID=28"">Common</a></u>","<u><a href=""Traits.aspx?ID=103"">Magical</a></u>, <u><a href=""Traits.aspx?ID=157"">Transmutation</a></u>","<u><a href=""Equipment.aspx?Category=37"">Weapons</a></u>","<u><a href=""Equipment.aspx?Category=37&Subcategory=40"">Specific Magic Weapons</a></u>","3","50 gp","1","—"
"<u><a href=""Equipment.aspx?ID=907"">Hunter's Bow</a></u>","<img alt=""PFS Limited"" title=""PFS Limited"" style=""height:18px; padding:2px 10px 0px 2px"" src=""Images\Icons\PFS_Limited.png"">","<u><a href=""Sources.aspx?ID=63"" title=""Pathfinder Beginner Box: Game Master's Guide"">Pathfinder Beginner Box</a></u>","<u><a href=""Traits.aspx?ID=28"">Common</a></u>","<u><a href=""Traits.aspx?ID=65"">Evocation</a></u>, <u><a href=""Traits.aspx?ID=103"">Magical</a></u>","<u><a href=""Equipment.aspx?Category=37"">Weapons</a></u>","<u><a href=""Equipment.aspx?Category=37&Subcategory=40"">Specific Magic Weapons</a></u>","3","60 gp","1","—"
"<u><a href=""Equipment.aspx?ID=393"">Retribution Axe</a></u>","<img alt=""PFS Standard"" title=""PFS Standard"" style=""height:18px; padding:2px 10px 0px 2px"" src=""Images\Icons\PFS_Standard.png"">","<u><a href=""Sources.aspx?ID=1"" title=""Core Rulebook"">Core Rulebook</a></u>","<u><a href=""Traits.aspx?ID=28"">Common</a></u>","<u><a href=""Traits.aspx?ID=61"">Enchantment</a></u>, <u><a href=""Traits.aspx?ID=103"">Magical</a></u>","<u><a href=""Equipment.aspx?Category=37"">Weapons</a></u>","<u><a href=""Equipment.aspx?Category=37&Subcategory=40"">Specific Magic Weapons</a></u>","3","60 gp","2","—"
"<u><a href=""Equipment.aspx?ID=908"">Smoking Sword</a></u>","<img alt=""PFS Limited"" title=""PFS Limited"" style=""height:18px; padding:2px 10px 0px 2px"" src=""Images\Icons\PFS_Limited.png"">","<u><a href=""Sources.aspx?ID=63"" title=""Pathfinder Beginner Box: Game Master's Guide"">Pathfinder Beginner Box</a></u>","<u><a href=""Traits.aspx?ID=28"">Common</a></u>","<u><a href=""Traits.aspx?ID=65"">Evocation</a></u>, <u><a href=""Traits.aspx?ID=72"">Fire</a></u>, <u><a href=""Traits.aspx?ID=103"">Magical</a></u>","<u><a href=""Equipment.aspx?Category=37"">Weapons</a></u>","<u><a href=""Equipment.aspx?Category=37&Subcategory=40"">Specific Magic Weapons</a></u>","3","60 gp","1","—"
"<u><a href=""Equipment.aspx?ID=909"">Storm Hammer</a></u>","<img alt=""PFS Limited"" title=""PFS Limited"" style=""height:18px; padding:2px 10px 0px 2px"" src=""Images\Icons\PFS_Limited.png"">","<u><a href=""Sources.aspx?ID=63"" title=""Pathfinder Beginner Box: Game Master's Guide"">Pathfinder Beginner Box</a></u>","<u><a href=""Traits.aspx?ID=28"">Common</a></u>","<u><a href=""Traits.aspx?ID=56"">Electricity</a></u>, <u><a href=""Traits.aspx?ID=65"">Evocation</a></u>, <u><a href=""Traits.aspx?ID=103"">Magical</a></u>","<u><a href=""Equipment.aspx?Category=37"">Weapons</a></u>","<u><a href=""Equipment.aspx?Category=37&Subcategory=40"">Specific Magic Weapons</a></u>","3","60 gp","1","—"
"<u><a href=""Equipment.aspx?ID=904"">Sparkblade</a></u>","—","<u><a href=""Sources.aspx?ID=55"" title=""Troubles in Otari"">Troubles in Otari</a></u>","<u><a href=""Traits.aspx?ID=28"">Common</a></u>","<u><a href=""Traits.aspx?ID=65"">Evocation</a></u>, <u><a href=""Traits.aspx?ID=103"">Magical</a></u>","<u><a href=""Equipment.aspx?Category=37"">Weapons</a></u>","<u><a href=""Equipment.aspx?Category=37&Subcategory=40"">Specific Magic Weapons</a></u>","3","70 gp","L","—"
"<u><a href=""Equipment.aspx?ID=482"">Cinderclaw Gauntlet</a></u>","<img alt=""PFS Limited"" title=""PFS Limited"" style=""height:18px; padding:2px 10px 0px 2px"" src=""Images\Icons\PFS_Limited.png"">","<u><a href=""Sources.aspx?ID=4"" title=""Pathfinder #145: Hellknight Hill"">Pathfinder #145</a></u>","<u><a href=""Traits.aspx?ID=159"">Uncommon</a></u>","<u><a href=""Traits.aspx?ID=65"">Evocation</a></u>, <u><a href=""Traits.aspx?ID=103"">Magical</a></u>","<u><a href=""Equipment.aspx?Category=37"">Weapons</a></u>","<u><a href=""Equipment.aspx?Category=37&Subcategory=40"">Specific Magic Weapons</a></u>","5","150 gp","L","<u><a href=""Setting.aspx?Group=2"">Age of Ashes</a></u>"
"<u><a href=""Equipment.aspx?ID=383"">Dagger of Venom</a></u>","<img alt=""PFS Standard"" title=""PFS Standard"" style=""height:18px; padding:2px 10px 0px 2px"" src=""Images\Icons\PFS_Standard.png"">","<u><a href=""Sources.aspx?ID=1"" title=""Core Rulebook"">Core Rulebook</a></u>","<u><a href=""Traits.aspx?ID=28"">Common</a></u>","<u><a href=""Traits.aspx?ID=103"">Magical</a></u>, <u><a href=""Traits.aspx?ID=117"">Necromancy</a></u>, <u><a href=""Traits.aspx?ID=126"">Poison</a></u>","<u><a href=""Equipment.aspx?Category=37"">Weapons</a></u>","<u><a href=""Equipment.aspx?Category=37&Subcategory=40"">Specific Magic Weapons</a></u>","5","150 gp","L","—"
"<u><a href=""Equipment.aspx?ID=736"">Infiltrator's Accessory</a></u>","<img alt=""PFS Standard"" title=""PFS Standard"" style=""height:18px; padding:2px 10px 0px 2px"" src=""Images\Icons\PFS_Standard.png"">","<u><a href=""Sources.aspx?ID=39"" title=""Advanced Player's Guide"">Advanced Player's Guide</a></u>","<u><a href=""Traits.aspx?ID=28"">Common</a></u>","<u><a href=""Traits.aspx?ID=92"">Illusion</a></u>, <u><a href=""Traits.aspx?ID=103"">Magical</a></u>","<u><a href=""Equipment.aspx?Category=37"">Weapons</a></u>","<u><a href=""Equipment.aspx?Category=37&Subcategory=40"">Specific Magic Weapons</a></u>","5","150 gp","1","—"
"<u><a href=""Equipment.aspx?ID=910"">Poisonous Dagger</a></u>","<img alt=""PFS Limited"" title=""PFS Limited"" style=""height:18px; padding:2px 10px 0px 2px"" src=""Images\Icons\PFS_Limited.png"">","<u><a href=""Sources.aspx?ID=63"" title=""Pathfinder Beginner Box: Game Master's Guide"">Pathfinder Beginner Box</a></u>","<u><a href=""Traits.aspx?ID=28"">Common</a></u>","<u><a href=""Traits.aspx?ID=103"">Magical</a></u>, <u><a href=""Traits.aspx?ID=117"">Necromancy</a></u>, <u><a href=""Traits.aspx?ID=126"">Poison</a></u>","<u><a href=""Equipment.aspx?Category=37"">Weapons</a></u>","<u><a href=""Equipment.aspx?Category=37&Subcategory=40"">Specific Magic Weapons</a></u>","5","150 gp","L","—"
"<u><a href=""Equipment.aspx?ID=382"">Caterwaul Sling</a></u>","<img alt=""PFS Standard"" title=""PFS Standard"" style=""height:18px; padding:2px 10px 0px 2px"" src=""Images\Icons\PFS_Standard.png"">","<u><a href=""Sources.aspx?ID=1"" title=""Core Rulebook"">Core Rulebook</a></u>","<u><a href=""Traits.aspx?ID=28"">Common</a></u>","<u><a href=""Traits.aspx?ID=65"">Evocation</a></u>, <u><a href=""Traits.aspx?ID=103"">Magical</a></u>","<u><a href=""Equipment.aspx?Category=37"">Weapons</a></u>","<u><a href=""Equipment.aspx?Category=37&Subcategory=40"">Specific Magic Weapons</a></u>","5","155 gp","L","—"
"<u><a href=""Equipment.aspx?ID=810"">Reaper's Lancet</a></u>","—","<u><a href=""Sources.aspx?ID=45"" title=""Pathfinder #157: Devil at the Dreaming Palace"">Pathfinder #157</a></u>","<u><a href=""Traits.aspx?ID=161"">Unique</a></u>","<u><a href=""Traits.aspx?ID=103"">Magical</a></u>, <u><a href=""Traits.aspx?ID=117"">Necromancy</a></u>, <u><a href=""Traits.aspx?ID=126"">Poison</a></u>","<u><a href=""Equipment.aspx?Category=37"">Weapons</a></u>","<u><a href=""Equipment.aspx?Category=37&Subcategory=40"">Specific Magic Weapons</a></u>","5","200 gp","1","Agents of Edgewatch"
"<u><a href=""Equipment.aspx?ID=1047"">Chatterer of Follies</a></u>","<img alt=""PFS Standard"" title=""PFS Standard"" style=""height:18px; padding:2px 10px 0px 2px"" src=""Images\Icons\PFS_Standard.png"">","<u><a href=""Sources.aspx?ID=96"" title=""Secrets of Magic"">Secrets of Magic</a></u>","<u><a href=""Traits.aspx?ID=159"">Uncommon</a></u>","<u><a href=""Traits.aspx?ID=61"">Enchantment</a></u>, <u><a href=""Traits.aspx?ID=92"">Illusion</a></u>, <u><a href=""Traits.aspx?ID=103"">Magical</a></u>","<u><a href=""Equipment.aspx?Category=37"">Weapons</a></u>","<u><a href=""Equipment.aspx?Category=37&Subcategory=40"">Specific Magic Weapons</a></u>","6","200 gp","1","—"
"<u><a href=""Equipment.aspx?ID=581"">Acrobat's Staff</a></u>","<img alt=""PFS Limited"" title=""PFS Limited"" style=""height:18px; padding:2px 10px 0px 2px"" src=""Images\Icons\PFS_Limited.png"">","<u><a href=""Sources.aspx?ID=23"" title=""Pathfinder #152: Legacy of the Lost God"">Pathfinder #152</a></u>","<u><a href=""Traits.aspx?ID=159"">Uncommon</a></u>","<u><a href=""Traits.aspx?ID=76"">Fortune</a></u>, <u><a href=""Traits.aspx?ID=103"">Magical</a></u>, <u><a href=""Traits.aspx?ID=157"">Transmutation</a></u>","<u><a href=""Equipment.aspx?Category=37"">Weapons</a></u>","<u><a href=""Equipment.aspx?Category=37&Subcategory=40"">Specific Magic Weapons</a></u>","6","235 gp","2","Extinction Curse"
"<u><a href=""Equipment.aspx?ID=381"">Bloodletting Kukri</a></u>","<img alt=""PFS Standard"" title=""PFS Standard"" style=""height:18px; padding:2px 10px 0px 2px"" src=""Images\Icons\PFS_Standard.png"">","<u><a href=""Sources.aspx?ID=1"" title=""Core Rulebook"">Core Rulebook</a></u>","<u><a href=""Traits.aspx?ID=159"">Uncommon</a></u>","<u><a href=""Traits.aspx?ID=103"">Magical</a></u>, <u><a href=""Traits.aspx?ID=117"">Necromancy</a></u>","<u><a href=""Equipment.aspx?Category=37"">Weapons</a></u>","<u><a href=""Equipment.aspx?Category=37&Subcategory=40"">Specific Magic Weapons</a></u>","6","240 gp","L","—"
"<u><a href=""Equipment.aspx?ID=1051"">Conflagration Club</a></u>","<img alt=""PFS Standard"" title=""PFS Standard"" style=""height:18px; padding:2px 10px 0px 2px"" src=""Images\Icons\PFS_Standard.png"">","<u><a href=""Sources.aspx?ID=96"" title=""Secrets of Magic"">Secrets of Magic</a></u>","<u><a href=""Traits.aspx?ID=28"">Common</a></u>","<u><a href=""Traits.aspx?ID=65"">Evocation</a></u>, <u><a href=""Traits.aspx?ID=103"">Magical</a></u>","<u><a href=""Equipment.aspx?Category=37"">Weapons</a></u>","<u><a href=""Equipment.aspx?Category=37&Subcategory=40"">Specific Magic Weapons</a></u>","6","250 gp","2","—"
"<u><a href=""Equipment.aspx?ID=922"">Cooperative Blade</a></u>","<img alt=""PFS Limited"" title=""PFS Limited"" style=""height:18px; padding:2px 10px 0px 2px"" src=""Images\Icons\PFS_Limited.png"">","<u><a href=""Sources.aspx?ID=75"" title=""Pathfinder #164: Hands of the Devil"">Pathfinder #164</a></u>","<u><a href=""Traits.aspx?ID=161"">Unique</a></u>","<u><a href=""Traits.aspx?ID=47"">Divination</a></u>, <u><a href=""Traits.aspx?ID=103"">Magical</a></u>","<u><a href=""Equipment.aspx?Category=37"">Weapons</a></u>","<u><a href=""Equipment.aspx?Category=37&Subcategory=40"">Specific Magic Weapons</a></u>","6","250 gp","1","Abomination Vaults"
"<u><a href=""Equipment.aspx?ID=788"">Gluttonous Spear</a></u>","—","<u><a href=""Sources.aspx?ID=41"" title=""The Slithering"">The Slithering</a></u>","<u><a href=""Traits.aspx?ID=159"">Uncommon</a></u>","<u><a href=""Traits.aspx?ID=103"">Magical</a></u>, <u><a href=""Traits.aspx?ID=117"">Necromancy</a></u>","<u><a href=""Equipment.aspx?Category=37"">Weapons</a></u>","<u><a href=""Equipment.aspx?Category=37&Subcategory=40"">Specific Magic Weapons</a></u>","6","250 gp","1","The Slithering"
"<u><a href=""Equipment.aspx?ID=396"">Twining Staff</a></u>","<img alt=""PFS Standard"" title=""PFS Standard"" style=""height:18px; padding:2px 10px 0px 2px"" src=""Images\Icons\PFS_Standard.png"">","<u><a href=""Sources.aspx?ID=1"" title=""Core Rulebook"">Core Rulebook</a></u>","<u><a href=""Traits.aspx?ID=28"">Common</a></u>","<u><a href=""Traits.aspx?ID=103"">Magical</a></u>, <u><a href=""Traits.aspx?ID=157"">Transmutation</a></u>","<u><a href=""Equipment.aspx?Category=37"">Weapons</a></u>","<u><a href=""Equipment.aspx?Category=37&Subcategory=40"">Specific Magic Weapons</a></u>","6","250 gp","—","—"
"<u><a href=""Equipment.aspx?ID=746"">Spellguard Blade</a></u>","<img alt=""PFS Standard"" title=""PFS Standard"" style=""height:18px; padding:2px 10px 0px 2px"" src=""Images\Icons\PFS_Standard.png"">","<u><a href=""Sources.aspx?ID=39"" title=""Advanced Player's Guide"">Advanced Player's Guide</a></u>","<u><a href=""Traits.aspx?ID=28"">Common</a></u>","<u><a href=""Traits.aspx?ID=2"">Abjuration</a></u>, <u><a href=""Traits.aspx?ID=103"">Magical</a></u>","<u><a href=""Equipment.aspx?Category=37"">Weapons</a></u>","<u><a href=""Equipment.aspx?Category=37&Subcategory=40"">Specific Magic Weapons</a></u>","7","320 gp","L","—"
"<u><a href=""Equipment.aspx?ID=1059"">Guiding Star</a></u>","<img alt=""PFS Standard"" title=""PFS Standard"" style=""height:18px; padding:2px 10px 0px 2px"" src=""Images\Icons\PFS_Standard.png"">","<u><a href=""Sources.aspx?ID=96"" title=""Secrets of Magic"">Secrets of Magic</a></u>","<u><a href=""Traits.aspx?ID=28"">Common</a></u>","<u><a href=""Traits.aspx?ID=25"">Chaotic</a></u>, <u><a href=""Traits.aspx?ID=48"">Divine</a></u>, <u><a href=""Traits.aspx?ID=65"">Evocation</a></u>, <u><a href=""Traits.aspx?ID=83"">Good</a></u>","<u><a href=""Equipment.aspx?Category=37"">Weapons</a></u>","<u><a href=""Equipment.aspx?Category=37&Subcategory=40"">Specific Magic Weapons</a></u>","7","325 gp","L","—"
"<u><a href=""Equipment.aspx?ID=1087"">Fulminating Spear</a></u>","—","<u><a href=""Sources.aspx?ID=97"" title=""Pathfinder #170: Spoken on the Song Wind"">Pathfinder #170</a></u>","<u><a href=""Traits.aspx?ID=159"">Uncommon</a></u>","<u><a href=""Traits.aspx?ID=65"">Evocation</a></u>, <u><a href=""Traits.aspx?ID=72"">Fire</a></u>, <u><a href=""Traits.aspx?ID=103"">Magical</a></u>","<u><a href=""Equipment.aspx?Category=37"">Weapons</a></u>","<u><a href=""Equipment.aspx?Category=37&Subcategory=40"">Specific Magic Weapons</a></u>","7","360 gp","1","<u><a href=""Setting.aspx?Group=12"">Strength of Thousands</a></u>"
"<u><a href=""Equipment.aspx?ID=792"">Slime Whip</a></u>","—","<u><a href=""Sources.aspx?ID=41"" title=""The Slithering"">The Slithering</a></u>","<u><a href=""Traits.aspx?ID=159"">Uncommon</a></u>","<u><a href=""Traits.aspx?ID=103"">Magical</a></u>, <u><a href=""Traits.aspx?ID=157"">Transmutation</a></u>","<u><a href=""Equipment.aspx?Category=37"">Weapons</a></u>","<u><a href=""Equipment.aspx?Category=37&Subcategory=40"">Specific Magic Weapons</a></u>","7","360 gp","1","The Slithering"
"<u><a href=""Equipment.aspx?ID=1088"">Habu's Cudgel</a></u>","—","<u><a href=""Sources.aspx?ID=97"" title=""Pathfinder #170: Spoken on the Song Wind"">Pathfinder #170</a></u>","<u><a href=""Traits.aspx?ID=161"">Unique</a></u>","<u><a href=""Traits.aspx?ID=103"">Magical</a></u>, <u><a href=""Traits.aspx?ID=117"">Necromancy</a></u>","<u><a href=""Equipment.aspx?Category=37"">Weapons</a></u>","<u><a href=""Equipment.aspx?Category=37&Subcategory=40"">Specific Magic Weapons</a></u>","8","415 gp","1","<u><a href=""Setting.aspx?Group=12"">Strength of Thousands</a></u>"
"<u><a href=""Equipment.aspx?ID=503"">Eclipse</a></u>","<img alt=""PFS Limited"" title=""PFS Limited"" style=""height:18px; padding:2px 10px 0px 2px"" src=""Images\Icons\PFS_Limited.png"">","<u><a href=""Sources.aspx?ID=7"" title=""Pathfinder #146: Cult of Cinders"">Pathfinder #146</a></u>","<u><a href=""Traits.aspx?ID=161"">Unique</a></u>","<u><a href=""Traits.aspx?ID=65"">Evocation</a></u>, <u><a href=""Traits.aspx?ID=100"">Light</a></u>, <u><a href=""Traits.aspx?ID=103"">Magical</a></u>","<u><a href=""Equipment.aspx?Category=37"">Weapons</a></u>","<u><a href=""Equipment.aspx?Category=37&Subcategory=40"">Specific Magic Weapons</a></u>","8","450 gp","L","<u><a href=""Setting.aspx?Group=2"">Age of Ashes</a></u>"
"<u><a href=""Equipment.aspx?ID=747"">Spiritsight Crossbow</a></u>","<img alt=""PFS Standard"" title=""PFS Standard"" style=""height:18px; padding:2px 10px 0px 2px"" src=""Images\Icons\PFS_Standard.png"">","<u><a href=""Sources.aspx?ID=39"" title=""Advanced Player's Guide"">Advanced Player's Guide</a></u>","<u><a href=""Traits.aspx?ID=159"">Uncommon</a></u>","<u><a href=""Traits.aspx?ID=33"">Conjuration</a></u>, <u><a href=""Traits.aspx?ID=103"">Magical</a></u>, <u><a href=""Traits.aspx?ID=156"">Teleportation</a></u>","<u><a href=""Equipment.aspx?Category=37"">Weapons</a></u>","<u><a href=""Equipment.aspx?Category=37&Subcategory=40"">Specific Magic Weapons</a></u>","8","450 gp","2","—"
"<u><a href=""Equipment.aspx?ID=1061"">Hundred-Moth Caress</a></u>","<img alt=""PFS Standard"" title=""PFS Standard"" style=""height:18px; padding:2px 10px 0px 2px"" src=""Images\Icons\PFS_Standard.png"">","<u><a href=""Sources.aspx?ID=96"" title=""Secrets of Magic"">Secrets of Magic</a></u>","<u><a href=""Traits.aspx?ID=28"">Common</a></u>","<u><a href=""Traits.aspx?ID=48"">Divine</a></u>, <u><a href=""Traits.aspx?ID=117"">Necromancy</a></u>, <u><a href=""Traits.aspx?ID=118"">Negative</a></u>","<u><a href=""Equipment.aspx?Category=37"">Weapons</a></u>","<u><a href=""Equipment.aspx?Category=37&Subcategory=40"">Specific Magic Weapons</a></u>","8","475 gp","2","—"
"<u><a href=""Equipment.aspx?ID=787"">Flaying Knife</a></u>","—","<u><a href=""Sources.aspx?ID=41"" title=""The Slithering"">The Slithering</a></u>","<u><a href=""Traits.aspx?ID=159"">Uncommon</a></u>","<u><a href=""Traits.aspx?ID=103"">Magical</a></u>, <u><a href=""Traits.aspx?ID=117"">Necromancy</a></u>","<u><a href=""Equipment.aspx?Category=37"">Weapons</a></u>","<u><a href=""Equipment.aspx?Category=37&Subcategory=40"">Specific Magic Weapons</a></u>","8","480 gp","1","The Slithering"
"<u><a href=""Equipment.aspx?ID=1092"">Spellender</a></u>","—","<u><a href=""Sources.aspx?ID=97"" title=""Pathfinder #170: Spoken on the Song Wind"">Pathfinder #170</a></u>","<u><a href=""Traits.aspx?ID=159"">Uncommon</a></u>","<u><a href=""Traits.aspx?ID=2"">Abjuration</a></u>, <u><a href=""Traits.aspx?ID=103"">Magical</a></u>","<u><a href=""Equipment.aspx?Category=37"">Weapons</a></u>","<u><a href=""Equipment.aspx?Category=37&Subcategory=40"">Specific Magic Weapons</a></u>","9","600 gp","L","<u><a href=""Setting.aspx?Group=12"">Strength of Thousands</a></u>"
"<u><a href=""Equipment.aspx?ID=515"">Crimson Brand</a></u>","<img alt=""PFS Standard"" title=""PFS Standard"" style=""height:18px; padding:2px 10px 0px 2px"" src=""Images\Icons\PFS_Standard.png"">","<u><a href=""Sources.aspx?ID=12"" title=""Character Guide"">Character Guide</a></u>","<u><a href=""Traits.aspx?ID=159"">Uncommon</a></u>","<u><a href=""Traits.aspx?ID=65"">Evocation</a></u>, <u><a href=""Traits.aspx?ID=103"">Magical</a></u>","<u><a href=""Equipment.aspx?Category=37"">Weapons</a></u>","<u><a href=""Equipment.aspx?Category=37&Subcategory=40"">Specific Magic Weapons</a></u>","9","700 gp","1","—"
"<u><a href=""Equipment.aspx?ID=388"">Gloom Blade</a></u>","<img alt=""PFS Standard"" title=""PFS Standard"" style=""height:18px; padding:2px 10px 0px 2px"" src=""Images\Icons\PFS_Standard.png"">","<u><a href=""Sources.aspx?ID=1"" title=""Core Rulebook"">Core Rulebook</a></u>","<u><a href=""Traits.aspx?ID=28"">Common</a></u>","<u><a href=""Traits.aspx?ID=65"">Evocation</a></u>, <u><a href=""Traits.aspx?ID=103"">Magical</a></u>","<u><a href=""Equipment.aspx?Category=37"">Weapons</a></u>","<u><a href=""Equipment.aspx?Category=37&Subcategory=40"">Specific Magic Weapons</a></u>","9","700 gp","L","—"
"<u><a href=""Equipment.aspx?ID=1075"">Sonic Tuning Mace</a></u>","—","<u><a href=""Sources.aspx?ID=96"" title=""Secrets of Magic"">Secrets of Magic</a></u>","<u><a href=""Traits.aspx?ID=28"">Common</a></u>","<u><a href=""Traits.aspx?ID=65"">Evocation</a></u>, <u><a href=""Traits.aspx?ID=103"">Magical</a></u>, <u><a href=""Traits.aspx?ID=147"">Sonic</a></u>","<u><a href=""Equipment.aspx?Category=37"">Weapons</a></u>","<u><a href=""Equipment.aspx?Category=37&Subcategory=40"">Specific Magic Weapons</a></u>","9","700 gp","L","—"
"<u><a href=""Equipment.aspx?ID=593"">Whip of Compliance</a></u>","<img alt=""PFS Standard"" title=""PFS Standard"" style=""height:18px; padding:2px 10px 0px 2px"" src=""Images\Icons\PFS_Standard.png"">","<u><a href=""Sources.aspx?ID=23"" title=""Pathfinder #152: Legacy of the Lost God"">Pathfinder #152</a></u>","<u><a href=""Traits.aspx?ID=159"">Uncommon</a></u>","<u><a href=""Traits.aspx?ID=61"">Enchantment</a></u>, <u><a href=""Traits.aspx?ID=103"">Magical</a></u>","<u><a href=""Equipment.aspx?Category=37"">Weapons</a></u>","<u><a href=""Equipment.aspx?Category=37&Subcategory=40"">Specific Magic Weapons</a></u>","9","3,000 gp","1","Extinction Curse"
"<u><a href=""Equipment.aspx?ID=1068"">North Wind's Night Verse</a></u>","<img alt=""PFS Standard"" title=""PFS Standard"" style=""height:18px; padding:2px 10px 0px 2px"" src=""Images\Icons\PFS_Standard.png"">","<u><a href=""Sources.aspx?ID=96"" title=""Secrets of Magic"">Secrets of Magic</a></u>","<u><a href=""Traits.aspx?ID=159"">Uncommon</a></u>","<u><a href=""Traits.aspx?ID=27"">Cold</a></u>, <u><a href=""Traits.aspx?ID=65"">Evocation</a></u>, <u><a href=""Traits.aspx?ID=103"">Magical</a></u>","<u><a href=""Equipment.aspx?Category=37"">Weapons</a></u>","<u><a href=""Equipment.aspx?Category=37&Subcategory=40"">Specific Magic Weapons</a></u>","10","900 gp","1","—"
"<u><a href=""Equipment.aspx?ID=1076"">South Wind's Scorch Song</a></u>","<img alt=""PFS Standard"" title=""PFS Standard"" style=""height:18px; padding:2px 10px 0px 2px"" src=""Images\Icons\PFS_Standard.png"">","<u><a href=""Sources.aspx?ID=96"" title=""Secrets of Magic"">Secrets of Magic</a></u>","<u><a href=""Traits.aspx?ID=159"">Uncommon</a></u>","<u><a href=""Traits.aspx?ID=65"">Evocation</a></u>, <u><a href=""Traits.aspx?ID=72"">Fire</a></u>, <u><a href=""Traits.aspx?ID=103"">Magical</a></u>","<u><a href=""Equipment.aspx?Category=37"">Weapons</a></u>","<u><a href=""Equipment.aspx?Category=37&Subcategory=40"">Specific Magic Weapons</a></u>","10","900 gp","1","—"
"<u><a href=""Equipment.aspx?ID=890"">Nightmare Cudgel</a></u>","—","<u><a href=""Sources.aspx?ID=51"" title=""Pathfinder #161: Belly of the Black Whale"">Pathfinder #161</a></u>","<u><a href=""Traits.aspx?ID=159"">Uncommon</a></u>","<u><a href=""Traits.aspx?ID=98"">Invested</a></u>, <u><a href=""Traits.aspx?ID=103"">Magical</a></u>","<u><a href=""Equipment.aspx?Category=37"">Weapons</a></u>","<u><a href=""Equipment.aspx?Category=37&Subcategory=40"">Specific Magic Weapons</a></u>","11","1,000 gp","1","Agents of Edgewatch"
"<u><a href=""Equipment.aspx?ID=573"">Rat-Catcher Trident</a></u>","<img alt=""PFS Standard"" title=""PFS Standard"" style=""height:18px; padding:2px 10px 0px 2px"" src=""Images\Icons\PFS_Standard.png"">","<u><a href=""Sources.aspx?ID=17"" title=""Gods & Magic"">Gods & Magic</a></u>","<u><a href=""Traits.aspx?ID=159"">Uncommon</a></u>","<u><a href=""Traits.aspx?ID=33"">Conjuration</a></u>, <u><a href=""Traits.aspx?ID=103"">Magical</a></u>","<u><a href=""Equipment.aspx?Category=37"">Weapons</a></u>","<u><a href=""Equipment.aspx?Category=37&Subcategory=40"">Specific Magic Weapons</a></u>","11","1,200 gp","1","—"
"<u><a href=""Equipment.aspx?ID=648"">Stoneraiser Javelin</a></u>","<img alt=""PFS Limited"" title=""PFS Limited"" style=""height:18px; padding:2px 10px 0px 2px"" src=""Images\Icons\PFS_Limited.png"">","<u><a href=""Sources.aspx?ID=31"" title=""Pathfinder #154: Siege of the Dinosaurs"">Pathfinder #154</a></u>","<u><a href=""Traits.aspx?ID=159"">Uncommon</a></u>","<u><a href=""Traits.aspx?ID=33"">Conjuration</a></u>, <u><a href=""Traits.aspx?ID=55"">Earth</a></u>, <u><a href=""Traits.aspx?ID=103"">Magical</a></u>","<u><a href=""Equipment.aspx?Category=37"">Weapons</a></u>","<u><a href=""Equipment.aspx?Category=37&Subcategory=40"">Specific Magic Weapons</a></u>","11","1,200 gp","L","Extinction Curse"
"<u><a href=""Equipment.aspx?ID=647"">Spore Sap</a></u>","<img alt=""PFS Limited"" title=""PFS Limited"" style=""height:18px; padding:2px 10px 0px 2px"" src=""Images\Icons\PFS_Limited.png"">","<u><a href=""Sources.aspx?ID=31"" title=""Pathfinder #154: Siege of the Dinosaurs"">Pathfinder #154</a></u>","<u><a href=""Traits.aspx?ID=159"">Uncommon</a></u>","<u><a href=""Traits.aspx?ID=65"">Evocation</a></u>, <u><a href=""Traits.aspx?ID=77"">Fungus</a></u>, <u><a href=""Traits.aspx?ID=103"">Magical</a></u>","<u><a href=""Equipment.aspx?Category=37"">Weapons</a></u>","<u><a href=""Equipment.aspx?Category=37&Subcategory=40"">Specific Magic Weapons</a></u>","11","1,250 gp","L","Extinction Curse"
"<u><a href=""Equipment.aspx?ID=392"">Oathbow</a></u>","<img alt=""PFS Standard"" title=""PFS Standard"" style=""height:18px; padding:2px 10px 0px 2px"" src=""Images\Icons\PFS_Standard.png"">","<u><a href=""Sources.aspx?ID=1"" title=""Core Rulebook"">Core Rulebook</a></u>","<u><a href=""Traits.aspx?ID=28"">Common</a></u>","<u><a href=""Traits.aspx?ID=47"">Divination</a></u>, <u><a href=""Traits.aspx?ID=103"">Magical</a></u>","<u><a href=""Equipment.aspx?Category=37"">Weapons</a></u>","<u><a href=""Equipment.aspx?Category=37&Subcategory=40"">Specific Magic Weapons</a></u>","11","1,300 gp","2","—"
"<u><a href=""Equipment.aspx?ID=1045"">Buzzsaw Axe</a></u>","—","<u><a href=""Sources.aspx?ID=96"" title=""Secrets of Magic"">Secrets of Magic</a></u>","<u><a href=""Traits.aspx?ID=28"">Common</a></u>","<u><a href=""Traits.aspx?ID=65"">Evocation</a></u>, <u><a href=""Traits.aspx?ID=103"">Magical</a></u>","<u><a href=""Equipment.aspx?Category=37"">Weapons</a></u>","<u><a href=""Equipment.aspx?Category=37&Subcategory=40"">Specific Magic Weapons</a></u>","11","1,400 gp","1","—"
"<u><a href=""Equipment.aspx?ID=1058"">Gloaming Shard</a></u>","<img alt=""PFS Standard"" title=""PFS Standard"" style=""height:18px; padding:2px 10px 0px 2px"" src=""Images\Icons\PFS_Standard.png"">","<u><a href=""Sources.aspx?ID=96"" title=""Secrets of Magic"">Secrets of Magic</a></u>","<u><a href=""Traits.aspx?ID=28"">Common</a></u>","<u><a href=""Traits.aspx?ID=33"">Conjuration</a></u>, <u><a href=""Traits.aspx?ID=103"">Magical</a></u>, <u><a href=""Traits.aspx?ID=143"">Shadow</a></u>","<u><a href=""Equipment.aspx?Category=37"">Weapons</a></u>","<u><a href=""Equipment.aspx?Category=37&Subcategory=40"">Specific Magic Weapons</a></u>","11","1,400 gp","L","—"
"<u><a href=""Equipment.aspx?ID=733"">Four-Ways Dogslicer</a></u>","<img alt=""PFS Standard"" title=""PFS Standard"" style=""height:18px; padding:2px 10px 0px 2px"" src=""Images\Icons\PFS_Standard.png"">","<u><a href=""Sources.aspx?ID=39"" title=""Advanced Player's Guide"">Advanced Player's Guide</a></u>","<u><a href=""Traits.aspx?ID=159"">Uncommon</a></u>","<u><a href=""Traits.aspx?ID=27"">Cold</a></u>, <u><a href=""Traits.aspx?ID=56"">Electricity</a></u>, <u><a href=""Traits.aspx?ID=65"">Evocation</a></u>, <u><a href=""Traits.aspx?ID=72"">Fire</a></u>, <u><a href=""Traits.aspx?ID=103"">Magical</a></u>","<u><a href=""Equipment.aspx?Category=37"">Weapons</a></u>","<u><a href=""Equipment.aspx?Category=37&Subcategory=40"">Specific Magic Weapons</a></u>","12","1,700 gp","L","—"
"<u><a href=""Equipment.aspx?ID=384"">Dwarven Thrower</a></u>","<img alt=""PFS Standard"" title=""PFS Standard"" style=""height:18px; padding:2px 10px 0px 2px"" src=""Images\Icons\PFS_Standard.png"">","<u><a href=""Sources.aspx?ID=1"" title=""Core Rulebook"">Core Rulebook</a></u>","<u><a href=""Traits.aspx?ID=28"">Common</a></u>","<u><a href=""Traits.aspx?ID=65"">Evocation</a></u>, <u><a href=""Traits.aspx?ID=103"">Magical</a></u>","<u><a href=""Equipment.aspx?Category=37"">Weapons</a></u>","<u><a href=""Equipment.aspx?Category=37&Subcategory=40"">Specific Magic Weapons</a></u>","13","2,750 gp","1","—"
"<u><a href=""Equipment.aspx?ID=654"">Anchor Spear</a></u>","<img alt=""PFS Limited"" title=""PFS Limited"" style=""height:18px; padding:2px 10px 0px 2px"" src=""Images\Icons\PFS_Limited.png"">","<u><a href=""Sources.aspx?ID=33"" title=""Pathfinder #155: Lord of the Black Sands"">Pathfinder #155</a></u>","<u><a href=""Traits.aspx?ID=159"">Uncommon</a></u>","<u><a href=""Traits.aspx?ID=103"">Magical</a></u>, <u><a href=""Traits.aspx?ID=157"">Transmutation</a></u>","<u><a href=""Equipment.aspx?Category=37"">Weapons</a></u>","<u><a href=""Equipment.aspx?Category=37&Subcategory=40"">Specific Magic Weapons</a></u>","13","2,800 gp","1","Extinction Curse"
"<u><a href=""Equipment.aspx?ID=644"">Ankylostar</a></u>","<img alt=""PFS Limited"" title=""PFS Limited"" style=""height:18px; padding:2px 10px 0px 2px"" src=""Images\Icons\PFS_Limited.png"">","<u><a href=""Sources.aspx?ID=31"" title=""Pathfinder #154: Siege of the Dinosaurs"">Pathfinder #154</a></u>","<u><a href=""Traits.aspx?ID=159"">Uncommon</a></u>","<u><a href=""Traits.aspx?ID=103"">Magical</a></u>, <u><a href=""Traits.aspx?ID=157"">Transmutation</a></u>","<u><a href=""Equipment.aspx?Category=37"">Weapons</a></u>","<u><a href=""Equipment.aspx?Category=37&Subcategory=40"">Specific Magic Weapons</a></u>","13","2,800 gp","1","Extinction Curse"
"<u><a href=""Equipment.aspx?ID=386"">Flame Tongue</a></u>","<img alt=""PFS Standard"" title=""PFS Standard"" style=""height:18px; padding:2px 10px 0px 2px"" src=""Images\Icons\PFS_Standard.png"">","<u><a href=""Sources.aspx?ID=1"" title=""Core Rulebook"">Core Rulebook</a></u>","<u><a href=""Traits.aspx?ID=28"">Common</a></u>","<u><a href=""Traits.aspx?ID=65"">Evocation</a></u>, <u><a href=""Traits.aspx?ID=72"">Fire</a></u>, <u><a href=""Traits.aspx?ID=103"">Magical</a></u>","<u><a href=""Equipment.aspx?Category=37"">Weapons</a></u>","<u><a href=""Equipment.aspx?Category=37&Subcategory=40"">Specific Magic Weapons</a></u>","13","2,800 gp","1","—"
"<u><a href=""Equipment.aspx?ID=1042"">Blade of Four Energies</a></u>","—","<u><a href=""Sources.aspx?ID=96"" title=""Secrets of Magic"">Secrets of Magic</a></u>","<u><a href=""Traits.aspx?ID=28"">Common</a></u>","<u><a href=""Traits.aspx?ID=65"">Evocation</a></u>, <u><a href=""Traits.aspx?ID=103"">Magical</a></u>","<u><a href=""Equipment.aspx?Category=37"">Weapons</a></u>","<u><a href=""Equipment.aspx?Category=37&Subcategory=40"">Specific Magic Weapons</a></u>","13","3,000 gp","L","—"
"<u><a href=""Equipment.aspx?ID=1075"">Sonic Tuning Mace (Greater)</a></u>","—","<u><a href=""Sources.aspx?ID=96"" title=""Secrets of Magic"">Secrets of Magic</a></u>","<u><a href=""Traits.aspx?ID=28"">Common</a></u>","<u><a href=""Traits.aspx?ID=65"">Evocation</a></u>, <u><a href=""Traits.aspx?ID=103"">Magical</a></u>, <u><a href=""Traits.aspx?ID=147"">Sonic</a></u>","<u><a href=""Equipment.aspx?Category=37"">Weapons</a></u>","<u><a href=""Equipment.aspx?Category=37&Subcategory=40"">Specific Magic Weapons</a></u>","13","3,000 gp","L","—"
"<u><a href=""Equipment.aspx?ID=768"">Deepdread Claw</a></u>","<img alt=""PFS Standard"" title=""PFS Standard"" style=""height:18px; padding:2px 10px 0px 2px"" src=""Images\Icons\PFS_Standard.png"">","<u><a href=""Sources.aspx?ID=40"" title=""Legends"">Legends</a></u>","<u><a href=""Traits.aspx?ID=137"">Rare</a></u>","<u><a href=""Traits.aspx?ID=65"">Evocation</a></u>, <u><a href=""Traits.aspx?ID=98"">Invested</a></u>, <u><a href=""Traits.aspx?ID=103"">Magical</a></u>","<u><a href=""Equipment.aspx?Category=37"">Weapons</a></u>","<u><a href=""Equipment.aspx?Category=37&Subcategory=40"">Specific Magic Weapons</a></u>","14","4,000 gp","1","—"
"<u><a href=""Equipment.aspx?ID=567"">Glaive of the Artist</a></u>","<img alt=""PFS Standard"" title=""PFS Standard"" style=""height:18px; padding:2px 10px 0px 2px"" src=""Images\Icons\PFS_Standard.png"">","<u><a href=""Sources.aspx?ID=17"" title=""Gods & Magic"">Gods & Magic</a></u>","<u><a href=""Traits.aspx?ID=159"">Uncommon</a></u>","<u><a href=""Traits.aspx?ID=61"">Enchantment</a></u>, <u><a href=""Traits.aspx?ID=103"">Magical</a></u>","<u><a href=""Equipment.aspx?Category=37"">Weapons</a></u>","<u><a href=""Equipment.aspx?Category=37&Subcategory=40"">Specific Magic Weapons</a></u>","14","4,000 gp","2","—"
"<u><a href=""Equipment.aspx?ID=395"">Storm Flash</a></u>","<img alt=""PFS Standard"" title=""PFS Standard"" style=""height:18px; padding:2px 10px 0px 2px"" src=""Images\Icons\PFS_Standard.png"">","<u><a href=""Sources.aspx?ID=1"" title=""Core Rulebook"">Core Rulebook</a></u>","<u><a href=""Traits.aspx?ID=28"">Common</a></u>","<u><a href=""Traits.aspx?ID=56"">Electricity</a></u>, <u><a href=""Traits.aspx?ID=65"">Evocation</a></u>, <u><a href=""Traits.aspx?ID=103"">Magical</a></u>","<u><a href=""Equipment.aspx?Category=37"">Weapons</a></u>","<u><a href=""Equipment.aspx?Category=37&Subcategory=40"">Specific Magic Weapons</a></u>","14","4,000 gp","1","—"
"<u><a href=""Equipment.aspx?ID=837"">Hardened Harrow Deck</a></u>","—","<u><a href=""Sources.aspx?ID=49"" title=""Pathfinder #160: Assault on Hunting Lodge Seven"">Pathfinder #160</a></u>","<u><a href=""Traits.aspx?ID=137"">Rare</a></u>","<u><a href=""Traits.aspx?ID=103"">Magical</a></u>, <u><a href=""Traits.aspx?ID=157"">Transmutation</a></u>","<u><a href=""Equipment.aspx?Category=37"">Weapons</a></u>","<u><a href=""Equipment.aspx?Category=37&Subcategory=40"">Specific Magic Weapons</a></u>","14","4,350 gp","L","Agents of Edgewatch"
"<u><a href=""Equipment.aspx?ID=1069"">Ouroboros Flail</a></u>","—","<u><a href=""Sources.aspx?ID=96"" title=""Secrets of Magic"">Secrets of Magic</a></u>","<u><a href=""Traits.aspx?ID=28"">Common</a></u>","<u><a href=""Traits.aspx?ID=103"">Magical</a></u>, <u><a href=""Traits.aspx?ID=157"">Transmutation</a></u>","<u><a href=""Equipment.aspx?Category=37"">Weapons</a></u>","<u><a href=""Equipment.aspx?Category=37&Subcategory=40"">Specific Magic Weapons</a></u>","14","4,400 gp","2","—"
"<u><a href=""Equipment.aspx?ID=389"">Holy Avenger</a></u>","<img alt=""PFS Standard"" title=""PFS Standard"" style=""height:18px; padding:2px 10px 0px 2px"" src=""Images\Icons\PFS_Standard.png"">","<u><a href=""Sources.aspx?ID=1"" title=""Core Rulebook"">Core Rulebook</a></u>","<u><a href=""Traits.aspx?ID=159"">Uncommon</a></u>","<u><a href=""Traits.aspx?ID=48"">Divine</a></u>, <u><a href=""Traits.aspx?ID=65"">Evocation</a></u>, <u><a href=""Traits.aspx?ID=83"">Good</a></u>, <u><a href=""Traits.aspx?ID=99"">Lawful</a></u>","<u><a href=""Equipment.aspx?Category=37"">Weapons</a></u>","<u><a href=""Equipment.aspx?Category=37&Subcategory=40"">Specific Magic Weapons</a></u>","14","4,500 gp","1","—"
"<u><a href=""Equipment.aspx?ID=1074"">Singing Shortbow</a></u>","—","<u><a href=""Sources.aspx?ID=96"" title=""Secrets of Magic"">Secrets of Magic</a></u>","<u><a href=""Traits.aspx?ID=28"">Common</a></u>","<u><a href=""Traits.aspx?ID=61"">Enchantment</a></u>, <u><a href=""Traits.aspx?ID=103"">Magical</a></u>","<u><a href=""Equipment.aspx?Category=37"">Weapons</a></u>","<u><a href=""Equipment.aspx?Category=37&Subcategory=40"">Specific Magic Weapons</a></u>","14","4,500 gp","1","—"
"<u><a href=""Equipment.aspx?ID=517"">Radiant Lance</a></u>","<img alt=""PFS Standard"" title=""PFS Standard"" style=""height:18px; padding:2px 10px 0px 2px"" src=""Images\Icons\PFS_Standard.png"">","<u><a href=""Sources.aspx?ID=12"" title=""Character Guide"">Character Guide</a></u>","<u><a href=""Traits.aspx?ID=159"">Uncommon</a></u>","<u><a href=""Traits.aspx?ID=48"">Divine</a></u>, <u><a href=""Traits.aspx?ID=65"">Evocation</a></u>, <u><a href=""Traits.aspx?ID=72"">Fire</a></u>, <u><a href=""Traits.aspx?ID=83"">Good</a></u>, <u><a href=""Traits.aspx?ID=100"">Light</a></u>","<u><a href=""Equipment.aspx?Category=37"">Weapons</a></u>","<u><a href=""Equipment.aspx?Category=37&Subcategory=40"">Specific Magic Weapons</a></u>","15","5,750 gp","2","—"
"<u><a href=""Equipment.aspx?ID=836"">Blade of the Rabbit Prince</a></u>","—","<u><a href=""Sources.aspx?ID=49"" title=""Pathfinder #160: Assault on Hunting Lodge Seven"">Pathfinder #160</a></u>","<u><a href=""Traits.aspx?ID=137"">Rare</a></u>","<u><a href=""Traits.aspx?ID=103"">Magical</a></u>, <u><a href=""Traits.aspx?ID=157"">Transmutation</a></u>","<u><a href=""Equipment.aspx?Category=37"">Weapons</a></u>","<u><a href=""Equipment.aspx?Category=37&Subcategory=40"">Specific Magic Weapons</a></u>","15","6,250 gp","1","Agents of Edgewatch"
"<u><a href=""Equipment.aspx?ID=1045"">Buzzsaw Axe (Greater)</a></u>","—","<u><a href=""Sources.aspx?ID=96"" title=""Secrets of Magic"">Secrets of Magic</a></u>","<u><a href=""Traits.aspx?ID=28"">Common</a></u>","<u><a href=""Traits.aspx?ID=65"">Evocation</a></u>, <u><a href=""Traits.aspx?ID=103"">Magical</a></u>","<u><a href=""Equipment.aspx?Category=37"">Weapons</a></u>","<u><a href=""Equipment.aspx?Category=37&Subcategory=40"">Specific Magic Weapons</a></u>","15","6,250 gp","1","—"
"<u><a href=""Equipment.aspx?ID=775"">Blade of the Black Sovereign</a></u>","<img alt=""PFS Standard"" title=""PFS Standard"" style=""height:18px; padding:2px 10px 0px 2px"" src=""Images\Icons\PFS_Standard.png"">","<u><a href=""Sources.aspx?ID=40"" title=""Legends"">Legends</a></u>","<u><a href=""Traits.aspx?ID=161"">Unique</a></u>","<u><a href=""Traits.aspx?ID=56"">Electricity</a></u>, <u><a href=""Traits.aspx?ID=65"">Evocation</a></u>, <u><a href=""Traits.aspx?ID=103"">Magical</a></u>","<u><a href=""Equipment.aspx?Category=37"">Weapons</a></u>","<u><a href=""Equipment.aspx?Category=37&Subcategory=40"">Specific Magic Weapons</a></u>","15","6,500 gp","2","—"
"<u><a href=""Equipment.aspx?ID=387"">Frost Brand</a></u>","<img alt=""PFS Standard"" title=""PFS Standard"" style=""height:18px; padding:2px 10px 0px 2px"" src=""Images\Icons\PFS_Standard.png"">","<u><a href=""Sources.aspx?ID=1"" title=""Core Rulebook"">Core Rulebook</a></u>","<u><a href=""Traits.aspx?ID=28"">Common</a></u>","<u><a href=""Traits.aspx?ID=27"">Cold</a></u>, <u><a href=""Traits.aspx?ID=65"">Evocation</a></u>, <u><a href=""Traits.aspx?ID=103"">Magical</a></u>","<u><a href=""Equipment.aspx?Category=37"">Weapons</a></u>","<u><a href=""Equipment.aspx?Category=37&Subcategory=40"">Specific Magic Weapons</a></u>","16","10,000 gp","2","—"
"<u><a href=""Equipment.aspx?ID=896"">Gearblade</a></u>","—","<u><a href=""Sources.aspx?ID=51"" title=""Pathfinder #161: Belly of the Black Whale"">Pathfinder #161</a></u>","<u><a href=""Traits.aspx?ID=137"">Rare</a></u>","<u><a href=""Traits.aspx?ID=331"">Clockwork</a></u>, <u><a href=""Traits.aspx?ID=98"">Invested</a></u>, <u><a href=""Traits.aspx?ID=103"">Magical</a></u>","<u><a href=""Equipment.aspx?Category=37"">Weapons</a></u>","<u><a href=""Equipment.aspx?Category=37&Subcategory=40"">Specific Magic Weapons</a></u>","17","13,000 gp","2","Agents of Edgewatch"
"<u><a href=""Equipment.aspx?ID=386"">Flame Tongue (Greater)</a></u>","<img alt=""PFS Standard"" title=""PFS Standard"" style=""height:18px; padding:2px 10px 0px 2px"" src=""Images\Icons\PFS_Standard.png"">","<u><a href=""Sources.aspx?ID=1"" title=""Core Rulebook"">Core Rulebook</a></u>","<u><a href=""Traits.aspx?ID=28"">Common</a></u>","<u><a href=""Traits.aspx?ID=65"">Evocation</a></u>, <u><a href=""Traits.aspx?ID=72"">Fire</a></u>, <u><a href=""Traits.aspx?ID=103"">Magical</a></u>","<u><a href=""Equipment.aspx?Category=37"">Weapons</a></u>","<u><a href=""Equipment.aspx?Category=37&Subcategory=40"">Specific Magic Weapons</a></u>","17","13,800 gp","1","—"
"<u><a href=""Equipment.aspx?ID=390"">Luck Blade</a></u>","<img alt=""PFS Standard"" title=""PFS Standard"" style=""height:18px; padding:2px 10px 0px 2px"" src=""Images\Icons\PFS_Standard.png"">","<u><a href=""Sources.aspx?ID=1"" title=""Core Rulebook"">Core Rulebook</a></u>","<u><a href=""Traits.aspx?ID=137"">Rare</a></u>","<u><a href=""Traits.aspx?ID=47"">Divination</a></u>, <u><a href=""Traits.aspx?ID=76"">Fortune</a></u>, <u><a href=""Traits.aspx?ID=103"">Magical</a></u>","<u><a href=""Equipment.aspx?Category=37"">Weapons</a></u>","<u><a href=""Equipment.aspx?Category=37&Subcategory=40"">Specific Magic Weapons</a></u>","17","15,000 gp","L","—"
"<u><a href=""Equipment.aspx?ID=1069"">Ouroboros Flail (Greater)</a></u>","—","<u><a href=""Sources.aspx?ID=96"" title=""Secrets of Magic"">Secrets of Magic</a></u>","<u><a href=""Traits.aspx?ID=28"">Common</a></u>","<u><a href=""Traits.aspx?ID=103"">Magical</a></u>, <u><a href=""Traits.aspx?ID=157"">Transmutation</a></u>","<u><a href=""Equipment.aspx?Category=37"">Weapons</a></u>","<u><a href=""Equipment.aspx?Category=37&Subcategory=40"">Specific Magic Weapons</a></u>","17","15,000 gp","2","—"
"<u><a href=""Equipment.aspx?ID=1042"">Blade of Four Energies (Greater)</a></u>","—","<u><a href=""Sources.aspx?ID=96"" title=""Secrets of Magic"">Secrets of Magic</a></u>","<u><a href=""Traits.aspx?ID=28"">Common</a></u>","<u><a href=""Traits.aspx?ID=65"">Evocation</a></u>, <u><a href=""Traits.aspx?ID=103"">Magical</a></u>","<u><a href=""Equipment.aspx?Category=37"">Weapons</a></u>","<u><a href=""Equipment.aspx?Category=37&Subcategory=40"">Specific Magic Weapons</a></u>","18","20,000 gp","L","—"
"<u><a href=""Equipment.aspx?ID=395"">Storm Flash (Greater)</a></u>","<img alt=""PFS Standard"" title=""PFS Standard"" style=""height:18px; padding:2px 10px 0px 2px"" src=""Images\Icons\PFS_Standard.png"">","<u><a href=""Sources.aspx?ID=1"" title=""Core Rulebook"">Core Rulebook</a></u>","<u><a href=""Traits.aspx?ID=28"">Common</a></u>","<u><a href=""Traits.aspx?ID=56"">Electricity</a></u>, <u><a href=""Traits.aspx?ID=65"">Evocation</a></u>, <u><a href=""Traits.aspx?ID=103"">Magical</a></u>","<u><a href=""Equipment.aspx?Category=37"">Weapons</a></u>","<u><a href=""Equipment.aspx?Category=37&Subcategory=40"">Specific Magic Weapons</a></u>","18","21,000 gp","1","—"
"<u><a href=""Equipment.aspx?ID=1074"">Singing Shortbow (Greater)</a></u>","—","<u><a href=""Sources.aspx?ID=96"" title=""Secrets of Magic"">Secrets of Magic</a></u>","<u><a href=""Traits.aspx?ID=28"">Common</a></u>","<u><a href=""Traits.aspx?ID=61"">Enchantment</a></u>, <u><a href=""Traits.aspx?ID=103"">Magical</a></u>","<u><a href=""Equipment.aspx?Category=37"">Weapons</a></u>","<u><a href=""Equipment.aspx?Category=37&Subcategory=40"">Specific Magic Weapons</a></u>","18","22,500 gp","1","—"
"<u><a href=""Equipment.aspx?ID=659"">Life's Last Breath</a></u>","—","<u><a href=""Sources.aspx?ID=33"" title=""Pathfinder #155: Lord of the Black Sands"">Pathfinder #155</a></u>","<u><a href=""Traits.aspx?ID=161"">Unique</a></u>","<u><a href=""Traits.aspx?ID=64"">Evil</a></u>, <u><a href=""Traits.aspx?ID=103"">Magical</a></u>, <u><a href=""Traits.aspx?ID=117"">Necromancy</a></u>","<u><a href=""Equipment.aspx?Category=37"">Weapons</a></u>","<u><a href=""Equipment.aspx?Category=37&Subcategory=40"">Specific Magic Weapons</a></u>","18","23,500 gp","2","Extinction Curse"
"<u><a href=""Equipment.aspx?ID=575"">Torag's Silver Anvil</a></u>","<img alt=""PFS Standard"" title=""PFS Standard"" style=""height:18px; padding:2px 10px 0px 2px"" src=""Images\Icons\PFS_Standard.png"">","<u><a href=""Sources.aspx?ID=17"" title=""Gods & Magic"">Gods & Magic</a></u>","<u><a href=""Traits.aspx?ID=159"">Uncommon</a></u>","<u><a href=""Traits.aspx?ID=48"">Divine</a></u>, <u><a href=""Traits.aspx?ID=103"">Magical</a></u>, <u><a href=""Traits.aspx?ID=157"">Transmutation</a></u>","<u><a href=""Equipment.aspx?Category=37"">Weapons</a></u>","<u><a href=""Equipment.aspx?Category=37&Subcategory=40"">Specific Magic Weapons</a></u>","18","24,000 gp","2","—"
"<u><a href=""Equipment.aspx?ID=390"">Luck Blade (Wishing)</a></u>","<img alt=""PFS Standard"" title=""PFS Standard"" style=""height:18px; padding:2px 10px 0px 2px"" src=""Images\Icons\PFS_Standard.png"">","<u><a href=""Sources.aspx?ID=1"" title=""Core Rulebook"">Core Rulebook</a></u>","<u><a href=""Traits.aspx?ID=137"">Rare</a></u>","<u><a href=""Traits.aspx?ID=47"">Divination</a></u>, <u><a href=""Traits.aspx?ID=76"">Fortune</a></u>, <u><a href=""Traits.aspx?ID=103"">Magical</a></u>","<u><a href=""Equipment.aspx?Category=37"">Weapons</a></u>","<u><a href=""Equipment.aspx?Category=37&Subcategory=40"">Specific Magic Weapons</a></u>","19","30,000 gp","L","—"
"<u><a href=""Equipment.aspx?ID=391"">Mattock of the Titans</a></u>","<img alt=""PFS Standard"" title=""PFS Standard"" style=""height:18px; padding:2px 10px 0px 2px"" src=""Images\Icons\PFS_Standard.png"">","<u><a href=""Sources.aspx?ID=1"" title=""Core Rulebook"">Core Rulebook</a></u>","<u><a href=""Traits.aspx?ID=159"">Uncommon</a></u>","<u><a href=""Traits.aspx?ID=65"">Evocation</a></u>, <u><a href=""Traits.aspx?ID=103"">Magical</a></u>","<u><a href=""Equipment.aspx?Category=37"">Weapons</a></u>","<u><a href=""Equipment.aspx?Category=37&Subcategory=40"">Specific Magic Weapons</a></u>","19","36,000 gp","16","—"
"<u><a href=""Equipment.aspx?ID=950"">Sky-Piercing Bow</a></u>","<img alt=""PFS Limited"" title=""PFS Limited"" style=""height:18px; padding:2px 10px 0px 2px"" src=""Images\Icons\PFS_Limited.png"">","<u><a href=""Sources.aspx?ID=86"" title=""Pathfinder #167: Ready? Fight!"">Pathfinder #167</a></u>","<u><a href=""Traits.aspx?ID=137"">Rare</a></u>","<u><a href=""Traits.aspx?ID=65"">Evocation</a></u>, <u><a href=""Traits.aspx?ID=103"">Magical</a></u>, <u><a href=""Traits.aspx?ID=157"">Transmutation</a></u>","<u><a href=""Equipment.aspx?Category=37"">Weapons</a></u>","<u><a href=""Equipment.aspx?Category=37&Subcategory=40"">Specific Magic Weapons</a></u>","19","40,000 gp","L","<u><a href=""Setting.aspx?Group=7"">Fists of the Ruby Phoenix</a></u>"
"<u><a href=""Equipment.aspx?ID=1045"">Buzzsaw Axe (Major)</a></u>","—","<u><a href=""Sources.aspx?ID=96"" title=""Secrets of Magic"">Secrets of Magic</a></u>","<u><a href=""Traits.aspx?ID=28"">Common</a></u>","<u><a href=""Traits.aspx?ID=65"">Evocation</a></u>, <u><a href=""Traits.aspx?ID=103"">Magical</a></u>","<u><a href=""Equipment.aspx?Category=37"">Weapons</a></u>","<u><a href=""Equipment.aspx?Category=37&Subcategory=40"">Specific Magic Weapons</a></u>","20","65,000 gp","1","—"
"<u><a href=""Equipment.aspx?ID=1069"">Ouroboros Flail (Major)</a></u>","—","<u><a href=""Sources.aspx?ID=96"" title=""Secrets of Magic"">Secrets of Magic</a></u>","<u><a href=""Traits.aspx?ID=28"">Common</a></u>","<u><a href=""Traits.aspx?ID=103"">Magical</a></u>, <u><a href=""Traits.aspx?ID=157"">Transmutation</a></u>","<u><a href=""Equipment.aspx?Category=37"">Weapons</a></u>","<u><a href=""Equipment.aspx?Category=37&Subcategory=40"">Specific Magic Weapons</a></u>","20","65,000 gp","2","—"
"<u><a href=""Equipment.aspx?ID=394"">Sky Hammer</a></u>","<img alt=""PFS Standard"" title=""PFS Standard"" style=""height:18px; padding:2px 10px 0px 2px"" src=""Images\Icons\PFS_Standard.png"">","<u><a href=""Sources.aspx?ID=1"" title=""Core Rulebook"">Core Rulebook</a></u>","<u><a href=""Traits.aspx?ID=137"">Rare</a></u>","<u><a href=""Traits.aspx?ID=65"">Evocation</a></u>, <u><a href=""Traits.aspx?ID=103"">Magical</a></u>","<u><a href=""Equipment.aspx?Category=37"">Weapons</a></u>","<u><a href=""Equipment.aspx?Category=37&Subcategory=40"">Specific Magic Weapons</a></u>","20","70,000 gp","1","—"
